RECHNUNGSNUMMER;ART;DEBITOR;DEBITORNAME;FAKTURADATUM;LEISTUNGSDATUM;BETRAG_EUR;WAEHRUNG;BEMERKUNG
SI10074071;Rechnung;800062;HARZ ANLAGENBAU GMBH;02.01.2026;02.01.2026;5890,77;EUR;
SI10074109;Rechnung;800210;BASALTTIEFBAU GMBH & CO. KG;02.01.2026;02.01.2026;6226,66;EUR;
SI10074171;Rechnung;800768;SILVAGERÜSTBAU GMBH;02.01.2026;31.12.2025;6059,86;EUR;
SI10074172;Rechnung;801314;KOMPAKT LOGISTIK GMBH;02.01.2026;02.01.2026;3886,09;EUR;
SI10074207;Rechnung;802380;SOLIDGEBÄUDETECHNIK B.V.;02.01.2026;02.01.2026;10603,05;EUR;
SI10074223;Rechnung;800697;RHEINPROFILE GMBH;02.01.2026;02.01.2026;2265,28;EUR;
SI10074344;Rechnung;801015;TAUNUS BETON GMBH;02.01.2026;31.12.2025;968,93;EUR;
SI10074363;Rechnung;802989;FLINT MONTAGEBAU;02.01.2026;31.12.2025;2866,03;EUR;
SI10074388;Rechnung;800283;BOREALISBAU KG;02.01.2026;01.01.2026;8352,57;EUR;
SI10074550;Rechnung;802007;VULKAN TECHNIK;02.01.2026;31.12.2025;4669,79;EUR;
SI10074670;Rechnung;803085;ARGUSPROFILE GMBH;02.01.2026;30.12.2025;2555,67;EUR;
SI10074703;Rechnung;801199;PRISMA VERPACKUNG GMBH & CO. KG;02.01.2026;30.12.2025;6291,33;EUR;
SI10074784;Rechnung;800050;KORUND LOGISTIK;02.01.2026;01.01.2026;1869,34;EUR;
SI10074792;Rechnung;802047;POLARISBETON GMBH;02.01.2026;01.01.2026;5005,42;EUR;
SI10074866;Rechnung;803085;ARGUSPROFILE GMBH;02.01.2026;01.01.2026;3704,32;EUR;
SI10074871;Rechnung;802328;NORDANLAGENBAU;02.01.2026;30.12.2025;6168,46;EUR;
SI10074991;Rechnung;801839;MAIN FOLIEN GMBH;02.01.2026;20.12.2025;6441,90;EUR;Leistung Dezember 2025, in 2025 als unfakturierte Lieferung abgegrenzt (Konto 260000)
SI10075032;Rechnung;800004;SÜD PANEELE KG;02.01.2026;31.12.2025;3007,22;EUR;
SI10075038;Rechnung;802532;WESTWERKZEUGE GMBH & CO. KG;02.01.2026;31.12.2025;9242,31;EUR;
SI10075205;Rechnung;802106;WESER GEBÄUDETECHNIK GMBH;02.01.2026;31.12.2025;11798,74;EUR;
SI10075255;Rechnung;802367;GRANITKUNSTSTOFFE;02.01.2026;01.01.2026;3281,76;EUR;
SI10075311;Rechnung;800186;KORUND ELEKTRO GMBH;02.01.2026;31.12.2025;2123,35;EUR;
SI10075363;Rechnung;802065;SÜD TRANSPORT GMBH;02.01.2026;02.01.2026;2610,48;EUR;
SI10075488;Rechnung;800186;KORUND ELEKTRO GMBH;02.01.2026;02.01.2026;6731,00;EUR;
SI10075490;Rechnung;800291;ALPEN TECHNIK;02.01.2026;01.01.2026;2167,10;EUR;
SI10075519;Rechnung;802147;QUARZ SPEDITION GMBH;02.01.2026;01.01.2026;12606,34;EUR;
SI10075523;Rechnung;800086;BOREASLOGISTIK GMBH;02.01.2026;02.01.2026;7012,67;EUR;
SI10075552;Rechnung;800697;RHEINPROFILE GMBH;02.01.2026;01.01.2026;2381,29;EUR;
SI10075583;Rechnung;801900;CERESELEKTRO;02.01.2026;02.01.2026;19169,66;EUR;
SI10075594;Rechnung;800286;;02.01.2026;02.01.2026;8209,64;EUR;
SI10075686;Rechnung;801900;CERESELEKTRO;02.01.2026;30.12.2025;6692,15;EUR;
SI10075942;Rechnung;802736;CeresMaschinen;02.01.2026;02.01.2026;3266,33;EUR;
SI10075994;Rechnung;800160;ATLAS SYSTEME GMBH;02.01.2026;31.12.2025;4518,39;EUR;
SI10076076;Rechnung;802171;;02.01.2026;30.12.2025;5424,15;EUR;
SI10076101;Rechnung;800215;SILVA HOCHBAU GMBH & CO. KG;02.01.2026;01.01.2026;2046,58;EUR;
SI10076112;Rechnung;800603;TAUNUS TROCKENBAU BV;02.01.2026;01.01.2026;3542,47;EUR;
SI10076172;Rechnung;802011;KOMPAKTBAUSTOFFE GMBH;02.01.2026;30.12.2025;4111,67;EUR;
SI10076266;Rechnung;800181;HANSE GEBÄUDETECHNIK GMBH;02.01.2026;01.01.2026;7753,25;EUR;
SI10076320;Rechnung;802521;BASALTVERPACKUNG GMBH;02.01.2026;30.12.2025;3183,98;EUR;
SI10074075;Rechnung;801431;GNEIS BAUELEMENTE GMBH;03.01.2026;23.12.2025;3571,30;EUR;Leistung Dezember 2025, in 2025 als unfakturierte Lieferung abgegrenzt (Konto 260000)
SI10074228;Rechnung;800086;BOREASLOGISTIK GMBH;03.01.2026;01.01.2026;3432,92;EUR;
SI10074272;Rechnung;802416;BOREAS BAUBEDARF GMBH;03.01.2026;03.01.2026;2706,71;EUR;
SI10074377;Rechnung;802994;POLARIS GEBÄUDETECHNIK GMBH & CO. KG;03.01.2026;31.12.2025;8549,59;EUR;
SI10074385;Rechnung;802147;QUARZ SPEDITION GMBH;03.01.2026;01.01.2026;7176,21;EUR;
SI10074438;Rechnung;801849;CERESMASCHINEN GMBH;03.01.2026;03.01.2026;2954,07;EUR;
SI10074464;Rechnung;800989;ALLGÄUELEKTRO;03.01.2026;02.01.2026;434,45;EUR;
SI10074503;Rechnung;800078;KLINKERMETALL E.K.;03.01.2026;01.01.2026;5721,85;EUR;
SI10074540;Rechnung;802416;BOREAS BAUBEDARF GMBH;03.01.2026;02.01.2026;6894,91;EUR;
SI10074583;Rechnung;802530;KORUND ZIEGEL GMBH;03.01.2026;02.01.2026;4664,25;EUR;
SI10074594;Rechnung;800175;ALLGÄUANLAGENBAU GMBH;03.01.2026;01.01.2026;2439,97;EUR;
SI10074791;Rechnung;800177;;03.01.2026;01.01.2026;2815,18;EUR;
SI10074811;Rechnung;800175;ALLGÄUANLAGENBAU GMBH;03.01.2026;02.01.2026;9268,93;EUR;
SI10074827;Rechnung;800946;HANSE TROCKENBAU;03.01.2026;02.01.2026;317,52;EUR;
SI10074829;Rechnung;801849;CERESMASCHINEN GMBH;03.01.2026;31.12.2025;2385,93;EUR;
SI10075023;Rechnung;800860;NOVAELEKTRO;03.01.2026;02.01.2026;4021,92;EUR;
SI10075044;Rechnung;802147;QUARZ SPEDITION GMBH;03.01.2026;01.01.2026;7847,47;EUR;
SI10075049;Rechnung;803104;BOREALISBEDACHUNG GMBH;03.01.2026;02.01.2026;1131,29;EUR;
SI10075057;Rechnung;800283;BOREALISBAU KG;03.01.2026;03.01.2026;10000,23;EUR;
SI10075182;Rechnung;800060;HANSE INDUSTRIEBEDARF;03.01.2026;01.01.2026;2546,81;EUR;
SI10075372;Rechnung;800860;NOVAELEKTRO;03.01.2026;02.01.2026;3736,73;EUR;
SI10075408;Rechnung;803010;;03.01.2026;01.01.2026;9904,76;EUR;
SI10075421;Rechnung;802127;ZENITTIEFBAU GMBH;03.01.2026;03.01.2026;5590,72;EUR;
SI10075445;Rechnung;801465;KOMPAKT PLATTEN GMBH;03.01.2026;02.01.2026;2487,73;EUR;
SI10075471;Rechnung;801276;OST MASCHINEN B.V.;03.01.2026;02.01.2026;2108,35;EUR;
SI10075640;Rechnung;802043;VULKAN CHEMIE;03.01.2026;31.12.2025;3277,38;EUR;
SI10075947;Rechnung;800181;HANSE GEBÄUDETECHNIK GMBH;03.01.2026;01.01.2026;2623,25;EUR;
SI10076041;Rechnung;802065;SÜD TRANSPORT GMBH;03.01.2026;31.12.2025;2218,79;EUR;
SI10076094;Rechnung;801401;WEST GERÜSTBAU SA;03.01.2026;31.12.2025;10071,36;EUR;
SI10076261;Rechnung;800697;RHEINPROFILE GMBH;03.01.2026;01.01.2026;2173,33;EUR;
SI10076273;Rechnung;800283;BOREALISBAU KG;03.01.2026;02.01.2026;1805,97;EUR;
SI10076279;Rechnung;800813;ORIONHANDEL AG;03.01.2026;31.12.2025;6315,47;EUR;
SI10074094;Rechnung;801206;ELBTAL TROCKENBAU GMBH;04.01.2026;02.01.2026;7887,61;EUR;
SI10074126;Rechnung;801037;SILVA INDUSTRIEBEDARF GMBH;04.01.2026;04.01.2026;911,52;EUR;
SI10074169;Rechnung;801849;CERESMASCHINEN GMBH;04.01.2026;04.01.2026;2200,34;EUR;
SI10074189;Rechnung;800283;BOREALISBAU KG;04.01.2026;03.01.2026;7924,24;EUR;
SI10074250;Rechnung;800946;HANSE TROCKENBAU;04.01.2026;04.01.2026;3388,13;EUR;
SI10074262;Rechnung;801684;PYRIT INDUSTRIEBAU;04.01.2026;03.01.2026;13279,46;EUR;
SI10074295;Rechnung;801353;FOKUSTECHNIK KG;04.01.2026;01.01.2026;222,24;EUR;
SI10074424;Rechnung;802093;ALLGÄUBAU GMBH;04.01.2026;01.01.2026;2956,94;EUR;
SI10074450;Rechnung;802093;ALLGÄUBAU GMBH;04.01.2026;03.01.2026;10790,24;EUR;
SI10074556;Rechnung;802677;BOREALIS WERKZEUGE GMBH & CO. KG;04.01.2026;04.01.2026;6501,20;EUR;
SI10074702;Rechnung;803010;;04.01.2026;02.01.2026;434,61;EUR;
SI10074709;Rechnung;803085;ARGUSPROFILE GMBH;04.01.2026;03.01.2026;4539,79;EUR;
SI10074764;Rechnung;800860;NOVAELEKTRO;04.01.2026;01.01.2026;2491,01;EUR;
SI10074851;Rechnung;801900;CERESELEKTRO;04.01.2026;04.01.2026;11413,84;EUR;
SI10074920;Rechnung;802367;GRANITKUNSTSTOFFE;04.01.2026;01.01.2026;8595,88;EUR;
SI10074925;Rechnung;800159;HANSEBAUSTOFFE GMBH;04.01.2026;02.01.2026;3230,35;EUR;
SI10074943;Rechnung;800284;FORMA ZIEGEL GMBH & CO. KG;04.01.2026;02.01.2026;7044,15;EUR;
SI10074986;Rechnung;801849;CERESMASCHINEN GMBH;04.01.2026;03.01.2026;2706,29;EUR;
SI10075006;Rechnung;802093;ALLGÄUBAU GMBH;04.01.2026;03.01.2026;10588,34;EUR;
SI10075093;Rechnung;800051;ZENITBAUBEDARF GMBH;04.01.2026;04.01.2026;7217,01;EUR;
SI10075218;Rechnung;801206;ELBTAL TROCKENBAU GMBH;04.01.2026;01.01.2026;9317,03;EUR;
SI10075333;Rechnung;801037;SILVA INDUSTRIEBEDARF GMBH;04.01.2026;02.01.2026;13659,29;EUR;
SI10075608;Rechnung;800295;NOVAFOLIEN MBH;04.01.2026;01.01.2026;2552,49;EUR;
SI10075676;Rechnung;800197;BOREALISGERÜSTBAU GMBH;04.01.2026;01.01.2026;2903,92;EUR;
SI10075703;Rechnung;800197;BOREALISGERÜSTBAU GMBH;04.01.2026;01.01.2026;3141,98;EUR;
SI10075763;Rechnung;803080;ALPENWERKZEUGE;04.01.2026;03.01.2026;15734,60;EUR;
SI10075774;Rechnung;802160;;04.01.2026;02.01.2026;2861,56;EUR;
SI10075789;Rechnung;802300;ROBURHOCHBAU GMBH;04.01.2026;03.01.2026;430,36;EUR;
SI10076010;Rechnung;800984;OPAL INNENAUSBAU;04.01.2026;04.01.2026;8690,06;EUR;
SI10076080;Rechnung;800231;ALLGÄU HANDEL GMBH & CO. KG;04.01.2026;02.01.2026;2314,70;EUR;
SI10076127;Rechnung;800060;HANSE INDUSTRIEBEDARF;04.01.2026;02.01.2026;3468,71;EUR;
SI10076161;Rechnung;801839;MAIN FOLIEN GMBH;04.01.2026;03.01.2026;444,34;EUR;
SI10076234;Rechnung;802289;DELTA ZIEGEL GMBH & CO. KG;04.01.2026;02.01.2026;3130,95;EUR;
SI10076285;Rechnung;800170;KOMPAKTPROFILE GMBH & CO. KG;04.01.2026;01.01.2026;9041,97;EUR;
SI10076303;Rechnung;802966;PRIMUSCHEMIE GMBH & CO. KG;04.01.2026;03.01.2026;2947,78;EUR;
SI10076408;Rechnung;802532;WESTWERKZEUGE GMBH & CO. KG;04.01.2026;01.01.2026;13125,51;EUR;
SI10074121;Rechnung;802699;ATLASANLAGENBAU;05.01.2026;03.01.2026;5670,58;EUR;
SI10074122;Rechnung;801037;SILVA INDUSTRIEBEDARF GMBH;05.01.2026;03.01.2026;7611,93;EUR;
SI10074130;Rechnung;800238;TERRA SYSTEME;05.01.2026;02.01.2026;3984,05;EUR;
SI10074131;Rechnung;802994;POLARIS GEBÄUDETECHNIK GMBH & CO. KG;05.01.2026;04.01.2026;9071,78;EUR;
SI10074212;Rechnung;802380;SOLIDGEBÄUDETECHNIK B.V.;05.01.2026;05.01.2026;9419,37;EUR;
SI10074368;Rechnung;802127;ZENITTIEFBAU GMBH;05.01.2026;05.01.2026;4736,25;EUR;
SI10074401;Rechnung;802289;DELTA ZIEGEL GMBH & CO. KG;05.01.2026;03.01.2026;3682,95;EUR;
SI10074489;Rechnung;801992;ROBURSPEDITION GMBH;05.01.2026;03.01.2026;3875,55;EUR;
SI10074606;Rechnung;800291;ALPEN TECHNIK;05.01.2026;04.01.2026;2498,55;EUR;
SI10074611;Rechnung;802065;SÜD TRANSPORT GMBH;05.01.2026;04.01.2026;2032,42;EUR;
SI10074710;Rechnung;800630;FORMA FOLIEN GMBH;05.01.2026;05.01.2026;11838,62;EUR;
SI10074718;Rechnung;800291;ALPEN TECHNIK;05.01.2026;04.01.2026;5344,20;EUR;
SI10074720;Rechnung;800946;HANSE TROCKENBAU;05.01.2026;02.01.2026;3993,54;EUR;
SI10074847;Rechnung;802065;SÜD TRANSPORT GMBH;05.01.2026;03.01.2026;3710,50;EUR;
SI10074885;Rechnung;801239;BASALT TECHNIK GMBH;05.01.2026;02.01.2026;4261,67;EUR;
SI10074940;Rechnung;800211;FELDSPAT HOCHBAU GMBH & CO. KG;05.01.2026;03.01.2026;3776,16;EUR;
SI10074941;Rechnung;801199;PRISMA VERPACKUNG GMBH & CO. KG;05.01.2026;04.01.2026;24608,81;EUR;
SI10074992;Rechnung;800175;ALLGÄUANLAGENBAU GMBH;05.01.2026;03.01.2026;2875,54;EUR;
SI10075001;Rechnung;800062;HARZ ANLAGENBAU GMBH;05.01.2026;05.01.2026;328,01;EUR;
SI10075106;Rechnung;800246;ARGUS HANDEL GMBH;05.01.2026;02.01.2026;4423,33;EUR;
SI10075149;Rechnung;802983;ALPEN TROCKENBAU;05.01.2026;02.01.2026;1121,31;EUR;
SI10075201;Rechnung;800860;NOVAELEKTRO;05.01.2026;04.01.2026;5196,69;EUR;
SI10075237;Rechnung;800004;SÜD PANEELE KG;05.01.2026;03.01.2026;1647,32;EUR;
SI10075300;Rechnung;800050;KORUND LOGISTIK;05.01.2026;05.01.2026;8268,10;EUR;
SI10075322;Rechnung;802367;GRANITKUNSTSTOFFE;05.01.2026;03.01.2026;3720,83;EUR;
SI10075400;Rechnung;800004;SÜD PANEELE KG;05.01.2026;05.01.2026;4443,87;EUR;
SI10075437;Rechnung;801401;WEST GERÜSTBAU SA;05.01.2026;05.01.2026;8655,29;EUR;
SI10075455;Rechnung;802530;KORUND ZIEGEL GMBH;05.01.2026;05.01.2026;1956,85;EUR;
SI10075460;Rechnung;800150;BEISPIEL ÖSTERREICH GMBH;05.01.2026;04.01.2026;141,35;EUR;
SI10075560;Rechnung;800984;OPAL INNENAUSBAU;05.01.2026;04.01.2026;4181,27;EUR;
SI10075598;Rechnung;800630;FORMA FOLIEN GMBH;05.01.2026;04.01.2026;11191,88;EUR;
SI10075645;Rechnung;802736;CeresMaschinen;05.01.2026;04.01.2026;4759,34;EUR;
SI10075680;Rechnung;802416;BOREAS BAUBEDARF GMBH;05.01.2026;05.01.2026;3018,13;EUR;
SI10075699;Rechnung;802106;WESER GEBÄUDETECHNIK GMBH;05.01.2026;05.01.2026;13147,45;EUR;
SI10075741;Rechnung;801900;CERESELEKTRO;05.01.2026;04.01.2026;7345,01;EUR;
SI10075856;Rechnung;800078;KLINKERMETALL E.K.;05.01.2026;03.01.2026;4580,96;EUR;
SI10075864;Rechnung;802367;GRANITKUNSTSTOFFE;05.01.2026;03.01.2026;10559,65;EUR;
SI10075957;Rechnung;800189;FOKUS MONTAGE MBH;05.01.2026;02.01.2026;10659,83;EUR;
SI10076031;Rechnung;802699;ATLASANLAGENBAU;05.01.2026;02.01.2026;6144,11;EUR;
SI10076165;Rechnung;802047;POLARISBETON GMBH;05.01.2026;04.01.2026;3797,09;EUR;
SI10076173;Rechnung;800004;SÜD PANEELE KG;05.01.2026;02.01.2026;3599,68;EUR;
SI10076210;Rechnung;801435;ALLGÄU INDUSTRIEBEDARF GMBH & CO. KG;05.01.2026;04.01.2026;13025,48;EUR;
SI10076352;Rechnung;802677;BOREALIS WERKZEUGE GMBH & CO. KG;05.01.2026;02.01.2026;4230,00;EUR;
SI10074081;Rechnung;802047;POLARISBETON GMBH;06.01.2026;03.01.2026;3831,67;EUR;
SI10074231;Rechnung;802047;POLARISBETON GMBH;06.01.2026;05.01.2026;4325,56;EUR;
SI10074291;Rechnung;800186;KORUND ELEKTRO GMBH;06.01.2026;04.01.2026;3818,69;EUR;
SI10074365;Rechnung;800160;ATLAS SYSTEME GMBH;06.01.2026;05.01.2026;7971,17;EUR;
SI10074723;Rechnung;800292;ARGUSBAUSTOFFE GMBH & CO. KG;06.01.2026;03.01.2026;17394,92;EUR;
SI10074728;Rechnung;802736;CeresMaschinen;06.01.2026;04.01.2026;2299,53;EUR;
SI10074801;Rechnung;800813;ORIONHANDEL AG;06.01.2026;05.01.2026;7517,89;EUR;
SI10074806;Rechnung;801435;ALLGÄU INDUSTRIEBEDARF GMBH & CO. KG;06.01.2026;06.01.2026;8202,30;EUR;
SI10074861;Rechnung;800860;NOVAELEKTRO;06.01.2026;06.01.2026;6928,94;EUR;
SI10074956;Rechnung;800150;BEISPIEL ÖSTERREICH GMBH;06.01.2026;06.01.2026;10271,32;EUR;
SI10075112;Rechnung;802160;;06.01.2026;03.01.2026;3014,69;EUR;
SI10075130;Rechnung;800004;SÜD PANEELE KG;06.01.2026;05.01.2026;6387,76;EUR;
SI10075215;Rechnung;802966;PRIMUSCHEMIE GMBH & CO. KG;06.01.2026;03.01.2026;7914,86;EUR;
SI10075259;Rechnung;800210;BASALTTIEFBAU GMBH & CO. KG;06.01.2026;05.01.2026;7667,71;EUR;
SI10075275;Rechnung;802007;VULKAN TECHNIK;06.01.2026;03.01.2026;6107,62;EUR;
SI10075309;Rechnung;800697;RHEINPROFILE GMBH;06.01.2026;06.01.2026;3054,72;EUR;
SI10075435;Rechnung;800040;SOLIDHOCHBAU GMBH;06.01.2026;05.01.2026;5286,52;EUR;
SI10075442;Rechnung;802328;NORDANLAGENBAU;06.01.2026;06.01.2026;5532,51;EUR;
SI10075448;Rechnung;800181;HANSE GEBÄUDETECHNIK GMBH;06.01.2026;06.01.2026;8039,22;EUR;
SI10075472;Rechnung;800291;ALPEN TECHNIK;06.01.2026;04.01.2026;15552,60;EUR;
SI10075478;Rechnung;800246;ARGUS HANDEL GMBH;06.01.2026;06.01.2026;11378,44;EUR;
SI10075510;Rechnung;802153;TERRAMETALL GMBH;06.01.2026;05.01.2026;2861,44;EUR;
SI10075515;Rechnung;800286;;06.01.2026;06.01.2026;6566,43;EUR;
SI10075535;Rechnung;802160;;06.01.2026;06.01.2026;2862,38;EUR;
SI10075541;Rechnung;800286;;06.01.2026;04.01.2026;2757,38;EUR;
SI10075599;Rechnung;800055;ALLGÄURECYCLING;06.01.2026;06.01.2026;1841,43;EUR;
SI10075622;Rechnung;801286;PRIMUSLOGISTIK GMBH & CO. KG;06.01.2026;03.01.2026;4995,43;EUR;
SI10075623;Rechnung;802966;PRIMUSCHEMIE GMBH & CO. KG;06.01.2026;04.01.2026;3686,41;EUR;
SI10075708;Rechnung;800292;ARGUSBAUSTOFFE GMBH & CO. KG;06.01.2026;04.01.2026;4542,56;EUR;
SI10075710;Rechnung;802497;GRANITESTRICH GMBH & CO. KG;06.01.2026;03.01.2026;6805,48;EUR;
SI10075726;Rechnung;802300;ROBURHOCHBAU GMBH;06.01.2026;06.01.2026;1661,23;EUR;
SI10075922;Rechnung;800004;SÜD PANEELE KG;06.01.2026;04.01.2026;3428,59;EUR;
SI10076046;Rechnung;800186;KORUND ELEKTRO GMBH;06.01.2026;05.01.2026;1414,70;EUR;
SI10076201;Rechnung;800284;FORMA ZIEGEL GMBH & CO. KG;06.01.2026;05.01.2026;4570,88;EUR;
SI10076215;Rechnung;802160;;06.01.2026;06.01.2026;3540,11;EUR;
SI10076272;Rechnung;802065;SÜD TRANSPORT GMBH;06.01.2026;04.01.2026;1868,76;EUR;
SI10076284;Rechnung;802300;ROBURHOCHBAU GMBH;06.01.2026;05.01.2026;1483,89;EUR;
SI10076302;Rechnung;800159;HANSEBAUSTOFFE GMBH;06.01.2026;06.01.2026;10496,35;EUR;
SI10076395;Rechnung;800247;KIESEL AKUSTIKBAU;06.01.2026;04.01.2026;1736,37;EUR;
SI10074146;Rechnung;802106;WESER GEBÄUDETECHNIK GMBH;07.01.2026;06.01.2026;9495,37;EUR;
SI10074194;Rechnung;800177;;07.01.2026;04.01.2026;10774,25;EUR;
SI10074210;Rechnung;802043;VULKAN CHEMIE;07.01.2026;07.01.2026;2159,23;EUR;
SI10074221;Rechnung;800170;KOMPAKTPROFILE GMBH & CO. KG;07.01.2026;05.01.2026;4353,32;EUR;
SI10074248;Rechnung;801015;TAUNUS BETON GMBH;07.01.2026;05.01.2026;369,45;EUR;
SI10074263;Rechnung;803085;ARGUSPROFILE GMBH;07.01.2026;06.01.2026;1365,97;EUR;
SI10074289;Rechnung;800813;ORIONHANDEL AG;07.01.2026;06.01.2026;9297,57;EUR;
SI10074306;Rechnung;802367;GRANITKUNSTSTOFFE;07.01.2026;05.01.2026;6688,04;EUR;
SI10074321;Rechnung;801839;MAIN FOLIEN GMBH;07.01.2026;06.01.2026;1784,77;EUR;
SI10074359;Rechnung;800291;ALPEN TECHNIK;07.01.2026;06.01.2026;10646,57;EUR;
SI10074417;Rechnung;802093;ALLGÄUBAU GMBH;07.01.2026;06.01.2026;2277,70;EUR;
SI10074420;Rechnung;800170;KOMPAKTPROFILE GMBH & CO. KG;07.01.2026;07.01.2026;2068,24;EUR;
SI10074582;Rechnung;800984;OPAL INNENAUSBAU;07.01.2026;05.01.2026;4325,14;EUR;
SI10074598;Rechnung;801071;FORMA PLATTEN GMBH;07.01.2026;06.01.2026;9065,92;EUR;
SI10074653;Rechnung;802983;ALPEN TROCKENBAU;07.01.2026;07.01.2026;1668,11;EUR;
SI10074689;Rechnung;802127;ZENITTIEFBAU GMBH;07.01.2026;04.01.2026;2520,88;EUR;
SI10074733;Rechnung;802994;POLARIS GEBÄUDETECHNIK GMBH & CO. KG;07.01.2026;06.01.2026;10853,15;EUR;
SI10074798;Rechnung;801849;CERESMASCHINEN GMBH;07.01.2026;05.01.2026;61,26;EUR;
SI10074826;Rechnung;802047;POLARISBETON GMBH;07.01.2026;05.01.2026;3000,12;EUR;
SI10074891;Rechnung;800189;FOKUS MONTAGE MBH;07.01.2026;07.01.2026;9997,35;EUR;
SI10074913;Rechnung;800291;ALPEN TECHNIK;07.01.2026;04.01.2026;6614,68;EUR;
SI10074949;Rechnung;800150;BEISPIEL ÖSTERREICH GMBH;07.01.2026;05.01.2026;9655,62;EUR;
SI10074953;Rechnung;802043;VULKAN CHEMIE;07.01.2026;05.01.2026;2724,45;EUR;
SI10074976;Rechnung;801037;SILVA INDUSTRIEBEDARF GMBH;07.01.2026;05.01.2026;6077,09;EUR;
SI10075005;Rechnung;802043;VULKAN CHEMIE;07.01.2026;05.01.2026;4289,82;EUR;
SI10075013;Rechnung;801353;FOKUSTECHNIK KG;07.01.2026;06.01.2026;2436,71;EUR;
SI10075047;Rechnung;800055;ALLGÄURECYCLING;07.01.2026;05.01.2026;2662,01;EUR;
SI10075113;Rechnung;801431;GNEIS BAUELEMENTE GMBH;07.01.2026;06.01.2026;3626,77;EUR;
SI10075329;Rechnung;800181;HANSE GEBÄUDETECHNIK GMBH;07.01.2026;06.01.2026;917,68;EUR;
SI10075332;Rechnung;800060;HANSE INDUSTRIEBEDARF;07.01.2026;07.01.2026;2077,75;EUR;
SI10075380;Rechnung;800186;KORUND ELEKTRO GMBH;07.01.2026;06.01.2026;18597,54;EUR;
SI10075429;Rechnung;802106;WESER GEBÄUDETECHNIK GMBH;07.01.2026;07.01.2026;11024,98;EUR;
SI10075446;Rechnung;801239;BASALT TECHNIK GMBH;07.01.2026;04.01.2026;997,22;EUR;
SI10075453;Rechnung;801900;CERESELEKTRO;07.01.2026;06.01.2026;7478,47;EUR;
SI10075759;Rechnung;802380;SOLIDGEBÄUDETECHNIK B.V.;07.01.2026;06.01.2026;5923,91;EUR;
SI10075819;Rechnung;802007;VULKAN TECHNIK;07.01.2026;06.01.2026;8025,05;EUR;
SI10075826;Rechnung;802966;PRIMUSCHEMIE GMBH & CO. KG;07.01.2026;07.01.2026;2830,44;EUR;
SI10075835;Rechnung;801037;SILVA INDUSTRIEBEDARF GMBH;07.01.2026;05.01.2026;4083,06;EUR;
SI10075838;Rechnung;802093;ALLGÄUBAU GMBH;07.01.2026;07.01.2026;7784,90;EUR;
SI10075918;Rechnung;803104;BOREALISBEDACHUNG GMBH;07.01.2026;05.01.2026;9506,44;EUR;
SI10075950;Rechnung;801401;WEST GERÜSTBAU SA;07.01.2026;05.01.2026;7569,93;EUR;
SI10076014;Rechnung;801678;NOVARECYCLING;07.01.2026;06.01.2026;1702,84;EUR;
SI10076119;Rechnung;800189;FOKUS MONTAGE MBH;07.01.2026;06.01.2026;7975,06;EUR;
SI10076189;Rechnung;800989;ALLGÄUELEKTRO;07.01.2026;04.01.2026;350,09;EUR;
SI10076229;Rechnung;800630;FORMA FOLIEN GMBH;07.01.2026;06.01.2026;6501,53;EUR;
SI10076300;Rechnung;802007;VULKAN TECHNIK;07.01.2026;07.01.2026;6235,00;EUR;
SI10076301;Rechnung;800286;;07.01.2026;07.01.2026;5731,23;EUR;
SI10076367;Rechnung;801353;FOKUSTECHNIK KG;07.01.2026;04.01.2026;4475,49;EUR;
SI10074105;Rechnung;801037;SILVA INDUSTRIEBEDARF GMBH;08.01.2026;05.01.2026;12362,12;EUR;
SI10074114;Rechnung;802295;TAUNUS GERÜSTBAU GMBH & CO. KG;08.01.2026;08.01.2026;4792,12;EUR;
SI10074159;Rechnung;801948;MAIN TECHNIK;08.01.2026;05.01.2026;2312,72;EUR;
SI10074226;Rechnung;800284;FORMA ZIEGEL GMBH & CO. KG;08.01.2026;05.01.2026;4957,17;EUR;
SI10074258;Rechnung;801206;ELBTAL TROCKENBAU GMBH;08.01.2026;08.01.2026;2202,14;EUR;
SI10074302;Rechnung;800813;ORIONHANDEL AG;08.01.2026;07.01.2026;4505,25;EUR;
SI10074320;Rechnung;801276;OST MASCHINEN B.V.;08.01.2026;06.01.2026;1645,43;EUR;
SI10074342;Rechnung;801684;PYRIT INDUSTRIEBAU;08.01.2026;08.01.2026;7505,66;EUR;
SI10074469;Rechnung;800298;ARGUS GERÜSTBAU;08.01.2026;08.01.2026;4091,65;EUR;
SI10074474;Rechnung;802367;GRANITKUNSTSTOFFE;08.01.2026;08.01.2026;2590,78;EUR;
SI10074510;Rechnung;801839;MAIN FOLIEN GMBH;08.01.2026;06.01.2026;3820,68;EUR;
SI10074613;Rechnung;800055;ALLGÄURECYCLING;08.01.2026;05.01.2026;3258,73;EUR;
SI10074620;Rechnung;800283;BOREALISBAU KG;08.01.2026;07.01.2026;7865,00;EUR;
SI10074638;Rechnung;800984;OPAL INNENAUSBAU;08.01.2026;08.01.2026;4595,67;EUR;
SI10074660;Rechnung;800004;SÜD PANEELE KG;08.01.2026;08.01.2026;11645,16;EUR;
SI10074686;Rechnung;801090;NOVAHANDEL;08.01.2026;07.01.2026;3414,29;EUR;
SI10074765;Rechnung;802521;BASALTVERPACKUNG GMBH;08.01.2026;06.01.2026;10169,56;EUR;
SI10074796;Rechnung;802295;TAUNUS GERÜSTBAU GMBH & CO. KG;08.01.2026;07.01.2026;10125,04;EUR;
SI10074809;Rechnung;800062;HARZ ANLAGENBAU GMBH;08.01.2026;06.01.2026;9868,99;EUR;
SI10074814;Rechnung;801449;TAUNUSBETON;08.01.2026;05.01.2026;1356,91;EUR;
SI10074822;Rechnung;802300;ROBURHOCHBAU GMBH;08.01.2026;05.01.2026;5604,19;EUR;
SI10075118;Rechnung;802989;FLINT MONTAGEBAU;08.01.2026;05.01.2026;9316,47;EUR;
SI10075256;Rechnung;800050;KORUND LOGISTIK;08.01.2026;07.01.2026;8194,00;EUR;
SI10075314;Rechnung;801090;NOVAHANDEL;08.01.2026;06.01.2026;2112,48;EUR;
SI10075334;Rechnung;800984;OPAL INNENAUSBAU;08.01.2026;06.01.2026;8966,31;EUR;
SI10075335;Rechnung;801849;CERESMASCHINEN GMBH;08.01.2026;05.01.2026;2205,03;EUR;
SI10075340;Rechnung;802677;BOREALIS WERKZEUGE GMBH & CO. KG;08.01.2026;07.01.2026;954,58;EUR;
SI10075354;Rechnung;802289;DELTA ZIEGEL GMBH & CO. KG;08.01.2026;08.01.2026;6481,41;EUR;
SI10075434;Rechnung;802699;ATLASANLAGENBAU;08.01.2026;07.01.2026;4690,95;EUR;
SI10075454;Rechnung;800211;FELDSPAT HOCHBAU GMBH & CO. KG;08.01.2026;06.01.2026;3599,54;EUR;
SI10075607;Rechnung;802153;TERRAMETALL GMBH;08.01.2026;08.01.2026;4018,92;EUR;
SI10075631;Rechnung;801684;PYRIT INDUSTRIEBAU;08.01.2026;05.01.2026;7364,85;EUR;
SI10075665;Rechnung;802989;FLINT MONTAGEBAU;08.01.2026;07.01.2026;2245,95;EUR;
SI10075683;Rechnung;801314;KOMPAKT LOGISTIK GMBH;08.01.2026;07.01.2026;2483,68;EUR;
SI10075794;Rechnung;801199;PRISMA VERPACKUNG GMBH & CO. KG;08.01.2026;06.01.2026;3089,02;EUR;
SI10075798;Rechnung;800286;;08.01.2026;08.01.2026;992,38;EUR;
SI10075913;Rechnung;802047;POLARISBETON GMBH;08.01.2026;07.01.2026;3723,56;EUR;
SI10076009;Rechnung;802106;WESER GEBÄUDETECHNIK GMBH;08.01.2026;07.01.2026;11514,91;EUR;
SI10076075;Rechnung;800055;ALLGÄURECYCLING;08.01.2026;07.01.2026;2211,41;EUR;
SI10076103;Rechnung;802966;PRIMUSCHEMIE GMBH & CO. KG;08.01.2026;05.01.2026;9493,26;EUR;
SI10076116;Rechnung;802532;WESTWERKZEUGE GMBH & CO. KG;08.01.2026;05.01.2026;3050,52;EUR;
SI10076159;Rechnung;800286;;08.01.2026;05.01.2026;3502,95;EUR;
SI10076175;Rechnung;801199;PRISMA VERPACKUNG GMBH & CO. KG;08.01.2026;06.01.2026;3703,11;EUR;
SI10076244;Rechnung;800055;ALLGÄURECYCLING;08.01.2026;08.01.2026;3605,52;EUR;
SI10074135;Rechnung;800004;SÜD PANEELE KG;09.01.2026;08.01.2026;2332,63;EUR;
SI10074224;Rechnung;800189;FOKUS MONTAGE MBH;09.01.2026;09.01.2026;8757,83;EUR;
SI10074234;Rechnung;802127;ZENITTIEFBAU GMBH;09.01.2026;08.01.2026;4534,63;EUR;
SI10074299;Rechnung;802416;BOREAS BAUBEDARF GMBH;09.01.2026;08.01.2026;5083,37;EUR;
SI10074375;Rechnung;802011;KOMPAKTBAUSTOFFE GMBH;09.01.2026;09.01.2026;5310,47;EUR;
SI10074407;Rechnung;802093;ALLGÄUBAU GMBH;09.01.2026;06.01.2026;2959,50;EUR;
SI10074456;Rechnung;802497;GRANITESTRICH GMBH & CO. KG;09.01.2026;08.01.2026;1003,57;EUR;
SI10074472;Rechnung;803085;ARGUSPROFILE GMBH;09.01.2026;07.01.2026;2539,06;EUR;
SI10074586;Rechnung;800860;NOVAELEKTRO;09.01.2026;06.01.2026;5145,01;EUR;
SI10074655;Rechnung;802007;VULKAN TECHNIK;09.01.2026;07.01.2026;6148,78;EUR;
SI10074697;Rechnung;802416;BOREAS BAUBEDARF GMBH;09.01.2026;07.01.2026;4709,87;EUR;
SI10074778;Rechnung;801037;SILVA INDUSTRIEBEDARF GMBH;09.01.2026;07.01.2026;631,82;EUR;
SI10074779;Rechnung;802521;BASALTVERPACKUNG GMBH;09.01.2026;08.01.2026;3239,42;EUR;
SI10074795;Rechnung;802127;ZENITTIEFBAU GMBH;09.01.2026;06.01.2026;5439,59;EUR;
SI10074815;Rechnung;800292;ARGUSBAUSTOFFE GMBH & CO. KG;09.01.2026;22.12.2025;16511,82;EUR;Leistung Dezember 2025, in 2025 als unfakturierte Lieferung abgegrenzt (Konto 260000)
SI10074842;Rechnung;802295;TAUNUS GERÜSTBAU GMBH & CO. KG;09.01.2026;06.01.2026;11459,06;EUR;
SI10074937;Rechnung;801206;ELBTAL TROCKENBAU GMBH;09.01.2026;09.01.2026;5115,15;EUR;
SI10075008;Rechnung;803085;ARGUSPROFILE GMBH;09.01.2026;08.01.2026;241,94;EUR;
SI10075098;Rechnung;800291;ALPEN TECHNIK;09.01.2026;06.01.2026;3599,17;EUR;
SI10075108;Rechnung;801849;CERESMASCHINEN GMBH;09.01.2026;06.01.2026;3589,18;EUR;
SI10075115;Rechnung;801839;MAIN FOLIEN GMBH;09.01.2026;09.01.2026;2503,77;EUR;
SI10075123;Rechnung;802300;ROBURHOCHBAU GMBH;09.01.2026;06.01.2026;5167,46;EUR;
SI10075181;Rechnung;800215;SILVA HOCHBAU GMBH & CO. KG;09.01.2026;09.01.2026;7890,79;EUR;
SI10075206;Rechnung;801849;CERESMASCHINEN GMBH;09.01.2026;09.01.2026;4860,85;EUR;
SI10075368;Rechnung;800078;KLINKERMETALL E.K.;09.01.2026;08.01.2026;7140,99;EUR;
SI10075449;Rechnung;801465;KOMPAKT PLATTEN GMBH;09.01.2026;09.01.2026;2247,97;EUR;
SI10075493;Rechnung;800238;TERRA SYSTEME;09.01.2026;07.01.2026;8960,87;EUR;
SI10075494;Rechnung;800186;KORUND ELEKTRO GMBH;09.01.2026;06.01.2026;5263,52;EUR;
SI10075543;Rechnung;800159;HANSEBAUSTOFFE GMBH;09.01.2026;06.01.2026;5245,31;EUR;
SI10075577;Rechnung;802367;GRANITKUNSTSTOFFE;09.01.2026;08.01.2026;9349,62;EUR;
SI10075633;Rechnung;800150;BEISPIEL ÖSTERREICH GMBH;09.01.2026;08.01.2026;319,14;EUR;
SI10075668;Rechnung;802989;FLINT MONTAGEBAU;09.01.2026;07.01.2026;1948,59;EUR;
SI10075740;Rechnung;801353;FOKUSTECHNIK KG;09.01.2026;06.01.2026;3526,04;EUR;
SI10075854;Rechnung;800186;KORUND ELEKTRO GMBH;09.01.2026;06.01.2026;3046,49;EUR;
SI10075967;Rechnung;802532;WESTWERKZEUGE GMBH & CO. KG;09.01.2026;06.01.2026;14751,64;EUR;
SI10075982;Rechnung;800050;KORUND LOGISTIK;09.01.2026;08.01.2026;4548,12;EUR;
SI10076280;Rechnung;802065;SÜD TRANSPORT GMBH;09.01.2026;07.01.2026;3002,91;EUR;
SI10076325;Rechnung;803085;ARGUSPROFILE GMBH;09.01.2026;06.01.2026;4103,86;EUR;
SI10074093;Rechnung;801992;ROBURSPEDITION GMBH;10.01.2026;08.01.2026;3494,00;EUR;
SI10074132;Rechnung;800603;TAUNUS TROCKENBAU BV;10.01.2026;09.01.2026;3902,94;EUR;
SI10074209;Rechnung;801071;FORMA PLATTEN GMBH;10.01.2026;07.01.2026;6255,49;EUR;
SI10074268;Rechnung;800283;BOREALISBAU KG;10.01.2026;08.01.2026;8738,74;EUR;
SI10074444;Rechnung;800210;BASALTTIEFBAU GMBH & CO. KG;10.01.2026;10.01.2026;1903,53;EUR;
SI10074522;Rechnung;800212;ZENIT HANDEL GMBH;10.01.2026;09.01.2026;6565,61;EUR;
SI10074687;Rechnung;803085;ARGUSPROFILE GMBH;10.01.2026;08.01.2026;5409,32;EUR;
SI10074751;Rechnung;802127;ZENITTIEFBAU GMBH;10.01.2026;07.01.2026;5910,27;EUR;
SI10074854;Rechnung;800284;FORMA ZIEGEL GMBH & CO. KG;10.01.2026;09.01.2026;7602,70;EUR;
SI10074960;Rechnung;802106;WESER GEBÄUDETECHNIK GMBH;10.01.2026;10.01.2026;13829,73;EUR;
SI10074962;Rechnung;802532;WESTWERKZEUGE GMBH & CO. KG;10.01.2026;07.01.2026;3265,28;EUR;
SI10074968;Rechnung;802677;BOREALIS WERKZEUGE GMBH & CO. KG;10.01.2026;10.01.2026;2577,02;EUR;
SI10075210;Rechnung;800190;WEST GEBÄUDETECHNIK GMBH;10.01.2026;10.01.2026;2527,94;EUR;
SI10075282;Rechnung;801314;KOMPAKT LOGISTIK GMBH;10.01.2026;07.01.2026;3984,55;EUR;
SI10075341;Rechnung;801449;TAUNUSBETON;10.01.2026;10.01.2026;8697,05;EUR;
SI10075412;Rechnung;800603;TAUNUS TROCKENBAU BV;10.01.2026;09.01.2026;9492,77;EUR;
SI10075450;Rechnung;800247;KIESEL AKUSTIKBAU;10.01.2026;07.01.2026;6080,67;EUR;
SI10075526;Rechnung;800002;POLARIS BAUBEDARF KG;10.01.2026;09.01.2026;2546,01;EUR;
SI10075660;Rechnung;800298;ARGUS GERÜSTBAU;10.01.2026;08.01.2026;2802,52;EUR;
SI10075700;Rechnung;800946;HANSE TROCKENBAU;10.01.2026;08.01.2026;3330,64;EUR;
SI10076124;Rechnung;800984;OPAL INNENAUSBAU;10.01.2026;07.01.2026;4655,55;EUR;
SI10076197;Rechnung;802699;ATLASANLAGENBAU;10.01.2026;07.01.2026;10157,90;EUR;
SI10076286;Rechnung;802295;TAUNUS GERÜSTBAU GMBH & CO. KG;10.01.2026;07.01.2026;7893,99;EUR;
SI10076311;Rechnung;800055;ALLGÄURECYCLING;10.01.2026;08.01.2026;2048,60;EUR;
SI10076333;Rechnung;803040;PRISMA PROFILE SA;10.01.2026;10.01.2026;2047,37;EUR;
SI10076347;Rechnung;800004;SÜD PANEELE KG;10.01.2026;09.01.2026;1388,18;EUR;
SI10076386;Rechnung;802677;BOREALIS WERKZEUGE GMBH & CO. KG;10.01.2026;08.01.2026;3053,25;EUR;
SI10074196;Rechnung;803104;BOREALISBEDACHUNG GMBH;11.01.2026;10.01.2026;10970,40;EUR;
SI10074325;Rechnung;800177;;11.01.2026;08.01.2026;7393,00;EUR;
SI10074349;Rechnung;802794;FORMAMETALL GMBH;11.01.2026;09.01.2026;12158,09;EUR;
SI10074356;Rechnung;800238;TERRA SYSTEME;11.01.2026;10.01.2026;2303,08;EUR;
SI10074372;Rechnung;802160;;11.01.2026;09.01.2026;2889,49;EUR;
SI10074427;Rechnung;800004;SÜD PANEELE KG;11.01.2026;09.01.2026;10198,83;EUR;
SI10074612;Rechnung;802989;FLINT MONTAGEBAU;11.01.2026;11.01.2026;2355,16;EUR;
SI10074627;Rechnung;800231;ALLGÄU HANDEL GMBH & CO. KG;11.01.2026;10.01.2026;7646,81;EUR;
SI10074678;Rechnung;802532;WESTWERKZEUGE GMBH & CO. KG;11.01.2026;08.01.2026;5072,18;EUR;
SI10074717;Rechnung;800946;HANSE TROCKENBAU;11.01.2026;09.01.2026;3078,61;EUR;
SI10074804;Rechnung;801839;MAIN FOLIEN GMBH;11.01.2026;08.01.2026;3229,44;EUR;
SI10074831;Rechnung;802007;VULKAN TECHNIK;11.01.2026;10.01.2026;7384,49;EUR;
SI10074839;Rechnung;801849;CERESMASCHINEN GMBH;11.01.2026;09.01.2026;2470,83;EUR;
SI10074900;Rechnung;802966;PRIMUSCHEMIE GMBH & CO. KG;11.01.2026;09.01.2026;3110,73;EUR;
SI10074955;Rechnung;800247;KIESEL AKUSTIKBAU;11.01.2026;11.01.2026;2926,80;EUR;
SI10075121;Rechnung;801465;KOMPAKT PLATTEN GMBH;11.01.2026;09.01.2026;1762,39;EUR;
SI10075143;Rechnung;802497;GRANITESTRICH GMBH & CO. KG;11.01.2026;11.01.2026;4815,86;EUR;
SI10075167;Rechnung;802677;BOREALIS WERKZEUGE GMBH & CO. KG;11.01.2026;11.01.2026;5099,12;EUR;
SI10075262;Rechnung;800813;ORIONHANDEL AG;11.01.2026;10.01.2026;7191,32;EUR;
SI10075344;Rechnung;800175;ALLGÄUANLAGENBAU GMBH;11.01.2026;09.01.2026;10805,29;EUR;
SI10075366;Rechnung;800231;ALLGÄU HANDEL GMBH & CO. KG;11.01.2026;10.01.2026;2792,43;EUR;
SI10075396;Rechnung;800197;BOREALISGERÜSTBAU GMBH;11.01.2026;10.01.2026;4900,01;EUR;
SI10075411;Rechnung;801948;MAIN TECHNIK;11.01.2026;11.01.2026;1953,83;EUR;
SI10075546;Rechnung;801678;NOVARECYCLING;11.01.2026;09.01.2026;560,45;EUR;
SI10075558;Rechnung;802289;DELTA ZIEGEL GMBH & CO. KG;11.01.2026;09.01.2026;2047,23;EUR;
SI10075610;Rechnung;801992;ROBURSPEDITION GMBH;11.01.2026;08.01.2026;1588,95;EUR;
SI10075635;Rechnung;800184;NORDLOGISTIK GMBH;11.01.2026;10.01.2026;3368,70;EUR;
SI10075659;Rechnung;802839;QUARZDÄMMTECHNIK AG;11.01.2026;08.01.2026;1903,57;EUR;
SI10075696;Rechnung;801314;KOMPAKT LOGISTIK GMBH;11.01.2026;11.01.2026;2708,68;EUR;
SI10075720;Rechnung;802839;QUARZDÄMMTECHNIK AG;11.01.2026;11.01.2026;4518,63;EUR;
SI10075788;Rechnung;802127;ZENITTIEFBAU GMBH;11.01.2026;08.01.2026;2563,46;EUR;
SI10075814;Rechnung;800284;FORMA ZIEGEL GMBH & CO. KG;11.01.2026;10.01.2026;6727,15;EUR;
SI10075820;Rechnung;802160;;11.01.2026;11.01.2026;1907,22;EUR;
SI10075863;Rechnung;802328;NORDANLAGENBAU;11.01.2026;08.01.2026;3777,90;EUR;
SI10075890;Rechnung;801684;PYRIT INDUSTRIEBAU;11.01.2026;09.01.2026;7201,80;EUR;
SI10075893;Rechnung;801206;ELBTAL TROCKENBAU GMBH;11.01.2026;08.01.2026;5257,40;EUR;
SI10075946;Rechnung;800295;NOVAFOLIEN MBH;11.01.2026;11.01.2026;3792,48;EUR;
SI10076070;Rechnung;801401;WEST GERÜSTBAU SA;11.01.2026;08.01.2026;10202,59;EUR;
SI10076072;Rechnung;801276;OST MASCHINEN B.V.;11.01.2026;11.01.2026;3310,50;EUR;
SI10076091;Rechnung;802794;FORMAMETALL GMBH;11.01.2026;11.01.2026;10568,18;EUR;
SI10076099;Rechnung;800860;NOVAELEKTRO;11.01.2026;08.01.2026;5337,51;EUR;
SI10076192;Rechnung;802106;WESER GEBÄUDETECHNIK GMBH;11.01.2026;10.01.2026;15763,06;EUR;
SI10076205;Rechnung;802794;FORMAMETALL GMBH;11.01.2026;09.01.2026;8211,87;EUR;
SI10076390;Rechnung;800177;;11.01.2026;08.01.2026;4282,29;EUR;
SI10076391;Rechnung;800295;NOVAFOLIEN MBH;11.01.2026;08.01.2026;5437,22;EUR;
SI10074163;Rechnung;802127;ZENITTIEFBAU GMBH;12.01.2026;09.01.2026;7254,06;EUR;
SI10074191;Rechnung;801286;PRIMUSLOGISTIK GMBH & CO. KG;12.01.2026;10.01.2026;8218,13;EUR;
SI10074229;Rechnung;800004;SÜD PANEELE KG;12.01.2026;12.01.2026;10729,97;EUR;
SI10074235;Rechnung;800186;KORUND ELEKTRO GMBH;12.01.2026;10.01.2026;8481,58;EUR;
SI10074278;Rechnung;802521;BASALTVERPACKUNG GMBH;12.01.2026;11.01.2026;5924,21;EUR;
SI10074414;Rechnung;800246;ARGUS HANDEL GMBH;12.01.2026;11.01.2026;3508,06;EUR;
SI10074455;Rechnung;801435;ALLGÄU INDUSTRIEBEDARF GMBH & CO. KG;12.01.2026;10.01.2026;9146,14;EUR;
SI10074487;Rechnung;801401;WEST GERÜSTBAU SA;12.01.2026;12.01.2026;9928,21;EUR;
SI10074515;Rechnung;800175;ALLGÄUANLAGENBAU GMBH;12.01.2026;09.01.2026;2946,39;EUR;
SI10074554;Rechnung;800160;ATLAS SYSTEME GMBH;12.01.2026;11.01.2026;11027,61;EUR;
SI10074603;Rechnung;800286;;12.01.2026;10.01.2026;2778,40;EUR;
SI10074616;Rechnung;802127;ZENITTIEFBAU GMBH;12.01.2026;10.01.2026;5130,51;EUR;
SI10074647;Rechnung;802497;GRANITESTRICH GMBH & CO. KG;12.01.2026;10.01.2026;3285,19;EUR;
SI10074658;Rechnung;800630;FORMA FOLIEN GMBH;12.01.2026;09.01.2026;2968,24;EUR;
SI10074736;Rechnung;800004;SÜD PANEELE KG;12.01.2026;10.01.2026;6590,79;EUR;
SI10074879;Rechnung;801276;OST MASCHINEN B.V.;12.01.2026;09.01.2026;2283,06;EUR;
SI10074933;Rechnung;802794;FORMAMETALL GMBH;12.01.2026;12.01.2026;8965,25;EUR;
SI10074936;Rechnung;800697;RHEINPROFILE GMBH;12.01.2026;09.01.2026;2959,62;EUR;
SI10075017;Rechnung;800177;;12.01.2026;11.01.2026;11132,92;EUR;
SI10075043;Rechnung;800283;BOREALISBAU KG;12.01.2026;12.01.2026;12872,19;EUR;
SI10075141;Rechnung;800002;POLARIS BAUBEDARF KG;12.01.2026;10.01.2026;8760,04;EUR;
SI10075204;Rechnung;802497;GRANITESTRICH GMBH & CO. KG;12.01.2026;09.01.2026;3429,21;EUR;
SI10075323;Rechnung;800989;ALLGÄUELEKTRO;12.01.2026;11.01.2026;450,09;EUR;
SI10075346;Rechnung;801435;ALLGÄU INDUSTRIEBEDARF GMBH & CO. KG;12.01.2026;11.01.2026;11524,50;EUR;
SI10075403;Rechnung;800283;BOREALISBAU KG;12.01.2026;10.01.2026;11841,22;EUR;
SI10075407;Rechnung;801286;PRIMUSLOGISTIK GMBH & CO. KG;12.01.2026;12.01.2026;7405,70;EUR;
SI10075461;Rechnung;802983;ALPEN TROCKENBAU;12.01.2026;11.01.2026;1131,71;EUR;
SI10075512;Rechnung;800215;SILVA HOCHBAU GMBH & CO. KG;12.01.2026;12.01.2026;2689,50;EUR;
SI10075554;Rechnung;800160;ATLAS SYSTEME GMBH;12.01.2026;12.01.2026;7622,61;EUR;
SI10075562;Rechnung;800175;ALLGÄUANLAGENBAU GMBH;12.01.2026;09.01.2026;12140,45;EUR;
SI10075565;Rechnung;802994;POLARIS GEBÄUDETECHNIK GMBH & CO. KG;12.01.2026;10.01.2026;10551,16;EUR;
SI10075586;Rechnung;802736;CeresMaschinen;12.01.2026;12.01.2026;4510,01;EUR;
SI10075588;Rechnung;801071;FORMA PLATTEN GMBH;12.01.2026;10.01.2026;3196,96;EUR;
SI10075612;Rechnung;802153;TERRAMETALL GMBH;12.01.2026;11.01.2026;13382,51;EUR;
SI10075654;Rechnung;802295;TAUNUS GERÜSTBAU GMBH & CO. KG;12.01.2026;09.01.2026;9953,27;EUR;
SI10075678;Rechnung;800189;FOKUS MONTAGE MBH;12.01.2026;12.01.2026;6689,39;EUR;
SI10075843;Rechnung;800190;WEST GEBÄUDETECHNIK GMBH;12.01.2026;09.01.2026;2093,81;EUR;
SI10075911;Rechnung;803040;PRISMA PROFILE SA;12.01.2026;11.01.2026;4940,31;EUR;
SI10075962;Rechnung;800295;NOVAFOLIEN MBH;12.01.2026;11.01.2026;3532,39;EUR;
SI10075999;Rechnung;801314;KOMPAKT LOGISTIK GMBH;12.01.2026;10.01.2026;3585,23;EUR;
SI10076004;Rechnung;802147;QUARZ SPEDITION GMBH;12.01.2026;11.01.2026;4656,04;EUR;
SI10076008;Rechnung;802106;WESER GEBÄUDETECHNIK GMBH;12.01.2026;09.01.2026;8973,11;EUR;
SI10076063;Rechnung;803085;ARGUSPROFILE GMBH;12.01.2026;10.01.2026;3173,00;EUR;
SI10076067;Rechnung;802983;ALPEN TROCKENBAU;12.01.2026;12.01.2026;841,04;EUR;
SI10076073;Rechnung;800989;ALLGÄUELEKTRO;12.01.2026;09.01.2026;696,11;EUR;
SI10076087;Rechnung;802047;POLARISBETON GMBH;12.01.2026;12.01.2026;4254,00;EUR;
SI10076132;Rechnung;800186;KORUND ELEKTRO GMBH;12.01.2026;12.01.2026;10095,55;EUR;
SI10076190;Rechnung;801071;FORMA PLATTEN GMBH;12.01.2026;09.01.2026;1941,47;EUR;
SI10076236;Rechnung;800603;TAUNUS TROCKENBAU BV;12.01.2026;11.01.2026;2361,76;EUR;
SI10076243;Rechnung;802677;BOREALIS WERKZEUGE GMBH & CO. KG;12.01.2026;11.01.2026;1417,60;EUR;
SI10076245;Rechnung;802093;ALLGÄUBAU GMBH;12.01.2026;09.01.2026;6022,92;EUR;
SI10076288;Rechnung;802367;GRANITKUNSTSTOFFE;12.01.2026;12.01.2026;6470,06;EUR;
SI10076322;Rechnung;800055;ALLGÄURECYCLING;12.01.2026;12.01.2026;2820,93;EUR;
SI10076350;Rechnung;802994;POLARIS GEBÄUDETECHNIK GMBH & CO. KG;12.01.2026;11.01.2026;7049,69;EUR;
SI10074073;Rechnung;800813;ORIONHANDEL AG;13.01.2026;12.01.2026;10505,68;EUR;
SI10074161;Rechnung;803080;ALPENWERKZEUGE;13.01.2026;10.01.2026;15315,16;EUR;
SI10074241;Rechnung;801314;KOMPAKT LOGISTIK GMBH;13.01.2026;13.01.2026;749,25;EUR;
SI10074285;Rechnung;800946;HANSE TROCKENBAU;13.01.2026;10.01.2026;12410,75;EUR;
SI10074298;Rechnung;800004;SÜD PANEELE KG;13.01.2026;13.01.2026;1947,60;EUR;
SI10074330;Rechnung;801090;NOVAHANDEL;13.01.2026;13.01.2026;6125,33;EUR;
SI10074524;Rechnung;800211;FELDSPAT HOCHBAU GMBH & CO. KG;13.01.2026;13.01.2026;4628,31;EUR;
SI10074537;Rechnung;800002;POLARIS BAUBEDARF KG;13.01.2026;13.01.2026;4585,85;EUR;
SI10074572;Rechnung;800150;BEISPIEL ÖSTERREICH GMBH;13.01.2026;10.01.2026;6319,73;EUR;
SI10074684;Rechnung;800215;SILVA HOCHBAU GMBH & CO. KG;13.01.2026;13.01.2026;1812,78;EUR;
SI10074748;Rechnung;802416;BOREAS BAUBEDARF GMBH;13.01.2026;10.01.2026;4963,44;EUR;
SI10074916;Rechnung;802147;QUARZ SPEDITION GMBH;13.01.2026;11.01.2026;8891,92;EUR;
SI10074946;Rechnung;801900;CERESELEKTRO;13.01.2026;10.01.2026;11025,41;EUR;
SI10075095;Rechnung;801353;FOKUSTECHNIK KG;13.01.2026;10.01.2026;3234,73;EUR;
SI10075176;Rechnung;801849;CERESMASCHINEN GMBH;13.01.2026;26.12.2025;6826,23;EUR;Leistung Dezember 2025, in 2025 als unfakturierte Lieferung abgegrenzt (Konto 260000)
SI10075191;Rechnung;800040;SOLIDHOCHBAU GMBH;13.01.2026;12.01.2026;5183,59;EUR;
SI10075207;Rechnung;802497;GRANITESTRICH GMBH & CO. KG;13.01.2026;11.01.2026;1541,10;EUR;
SI10075213;Rechnung;801839;MAIN FOLIEN GMBH;13.01.2026;13.01.2026;4925,29;EUR;
SI10075230;Rechnung;802093;ALLGÄUBAU GMBH;13.01.2026;13.01.2026;10186,57;EUR;
SI10075266;Rechnung;802994;POLARIS GEBÄUDETECHNIK GMBH & CO. KG;13.01.2026;13.01.2026;9774,65;EUR;
SI10075307;Rechnung;801992;ROBURSPEDITION GMBH;13.01.2026;10.01.2026;1363,99;EUR;
SI10075319;Rechnung;800004;SÜD PANEELE KG;13.01.2026;11.01.2026;3442,95;EUR;
SI10075574;Rechnung;801314;KOMPAKT LOGISTIK GMBH;13.01.2026;11.01.2026;2986,85;EUR;
SI10075600;Rechnung;800190;WEST GEBÄUDETECHNIK GMBH;13.01.2026;10.01.2026;1783,47;EUR;
SI10075618;Rechnung;801239;BASALT TECHNIK GMBH;13.01.2026;13.01.2026;11258,19;EUR;
SI10075629;Rechnung;801992;ROBURSPEDITION GMBH;13.01.2026;13.01.2026;7223,91;EUR;
SI10075669;Rechnung;800160;ATLAS SYSTEME GMBH;13.01.2026;13.01.2026;13807,82;EUR;
SI10075695;Rechnung;802043;VULKAN CHEMIE;13.01.2026;10.01.2026;6638,01;EUR;
SI10075953;Rechnung;800212;ZENIT HANDEL GMBH;13.01.2026;10.01.2026;7010,34;EUR;
SI10075959;Rechnung;803080;ALPENWERKZEUGE;13.01.2026;11.01.2026;10156,08;EUR;
SI10076088;Rechnung;802530;KORUND ZIEGEL GMBH;13.01.2026;13.01.2026;1992,78;EUR;
SI10076130;Rechnung;800160;ATLAS SYSTEME GMBH;13.01.2026;10.01.2026;8106,96;EUR;
SI10076361;Rechnung;802090;ARGUS WERKZEUGE;13.01.2026;10.01.2026;5718,27;EUR;
SI10076382;Rechnung;800189;FOKUS MONTAGE MBH;13.01.2026;11.01.2026;6661,43;EUR;
SI10076384;Rechnung;802416;BOREAS BAUBEDARF GMBH;13.01.2026;10.01.2026;4410,82;EUR;
SI10076405;Rechnung;802367;GRANITKUNSTSTOFFE;13.01.2026;12.01.2026;2535,86;EUR;
SI10074166;Rechnung;801071;FORMA PLATTEN GMBH;14.01.2026;12.01.2026;5969,93;EUR;
SI10074242;Rechnung;803040;PRISMA PROFILE SA;14.01.2026;12.01.2026;5045,98;EUR;
SI10074260;Rechnung;801314;KOMPAKT LOGISTIK GMBH;14.01.2026;26.12.2025;2816,91;EUR;Leistung Dezember 2025, in 2025 als unfakturierte Lieferung abgegrenzt (Konto 260000)
SI10074339;Rechnung;801992;ROBURSPEDITION GMBH;14.01.2026;13.01.2026;5900,30;EUR;
SI10074345;Rechnung;802106;WESER GEBÄUDETECHNIK GMBH;14.01.2026;13.01.2026;15038,69;EUR;
SI10074379;Rechnung;802153;TERRAMETALL GMBH;14.01.2026;11.01.2026;3817,50;EUR;
SI10074413;Rechnung;800238;TERRA SYSTEME;14.01.2026;12.01.2026;10205,67;EUR;
SI10074441;Rechnung;802530;KORUND ZIEGEL GMBH;14.01.2026;13.01.2026;9157,34;EUR;
SI10074462;Rechnung;802153;TERRAMETALL GMBH;14.01.2026;13.01.2026;3569,46;EUR;
SI10074492;Rechnung;802521;BASALTVERPACKUNG GMBH;14.01.2026;14.01.2026;4923,11;EUR;
SI10074706;Rechnung;800295;NOVAFOLIEN MBH;14.01.2026;13.01.2026;3546,37;EUR;
SI10074712;Rechnung;800295;NOVAFOLIEN MBH;14.01.2026;13.01.2026;4639,16;EUR;
SI10074835;Rechnung;803080;ALPENWERKZEUGE;14.01.2026;11.01.2026;13386,68;EUR;
SI10074964;Rechnung;802007;VULKAN TECHNIK;14.01.2026;12.01.2026;4396,96;EUR;
SI10074994;Rechnung;800184;NORDLOGISTIK GMBH;14.01.2026;14.01.2026;9076,80;EUR;
SI10075011;Rechnung;802065;SÜD TRANSPORT GMBH;14.01.2026;11.01.2026;2416,25;EUR;
SI10075040;Rechnung;801449;TAUNUSBETON;14.01.2026;12.01.2026;1933,29;EUR;
SI10075086;Rechnung;802989;FLINT MONTAGEBAU;14.01.2026;11.01.2026;1792,12;EUR;
SI10075418;Rechnung;800813;ORIONHANDEL AG;14.01.2026;13.01.2026;7347,70;EUR;
SI10075497;Rechnung;802445;HANSE INDUSTRIEBEDARF GMBH;14.01.2026;13.01.2026;4824,52;EUR;
SI10075530;Rechnung;803104;BOREALISBEDACHUNG GMBH;14.01.2026;13.01.2026;9445,30;EUR;
SI10075533;Rechnung;800238;TERRA SYSTEME;14.01.2026;11.01.2026;2771,10;EUR;
SI10075538;Rechnung;802989;FLINT MONTAGEBAU;14.01.2026;13.01.2026;5908,65;EUR;
SI10075615;Rechnung;800211;FELDSPAT HOCHBAU GMBH & CO. KG;14.01.2026;12.01.2026;4565,15;EUR;
SI10075719;Rechnung;800768;SILVAGERÜSTBAU GMBH;14.01.2026;13.01.2026;1950,24;EUR;
SI10075796;Rechnung;800186;KORUND ELEKTRO GMBH;14.01.2026;11.01.2026;781,12;EUR;
SI10075885;Rechnung;800989;ALLGÄUELEKTRO;14.01.2026;12.01.2026;338,66;EUR;
SI10075925;Rechnung;802043;VULKAN CHEMIE;14.01.2026;14.01.2026;5416,17;EUR;
SI10075941;Rechnung;800184;NORDLOGISTIK GMBH;14.01.2026;12.01.2026;5044,94;EUR;
SI10075965;Rechnung;802295;TAUNUS GERÜSTBAU GMBH & CO. KG;14.01.2026;11.01.2026;12755,38;EUR;
SI10076092;Rechnung;800002;POLARIS BAUBEDARF KG;14.01.2026;14.01.2026;9317,19;EUR;
SI10076149;Rechnung;800813;ORIONHANDEL AG;14.01.2026;12.01.2026;5067,39;EUR;
SI10076276;Rechnung;800238;TERRA SYSTEME;14.01.2026;14.01.2026;2008,67;EUR;
SI10076359;Rechnung;800004;SÜD PANEELE KG;14.01.2026;13.01.2026;3801,08;EUR;
SI10076363;Rechnung;802295;TAUNUS GERÜSTBAU GMBH & CO. KG;14.01.2026;11.01.2026;8245,15;EUR;
SI10076375;Rechnung;800212;ZENIT HANDEL GMBH;14.01.2026;13.01.2026;3521,99;EUR;
SI10076387;Rechnung;801839;MAIN FOLIEN GMBH;14.01.2026;14.01.2026;3181,79;EUR;
SI10076403;Rechnung;800040;SOLIDHOCHBAU GMBH;14.01.2026;13.01.2026;3042,13;EUR;
SI10074201;Rechnung;800062;HARZ ANLAGENBAU GMBH;15.01.2026;15.01.2026;7540,42;EUR;
SI10074315;Rechnung;801090;NOVAHANDEL;15.01.2026;14.01.2026;1815,84;EUR;
SI10074378;Rechnung;801948;MAIN TECHNIK;15.01.2026;12.01.2026;2323,64;EUR;
SI10074432;Rechnung;802127;ZENITTIEFBAU GMBH;15.01.2026;15.01.2026;3918,85;EUR;
SI10074509;Rechnung;801276;OST MASCHINEN B.V.;15.01.2026;14.01.2026;2164,74;EUR;
SI10074520;Rechnung;800283;BOREALISBAU KG;15.01.2026;12.01.2026;7892,14;EUR;
SI10074547;Rechnung;803104;BOREALISBEDACHUNG GMBH;15.01.2026;12.01.2026;8845,14;EUR;
SI10074595;Rechnung;800150;BEISPIEL ÖSTERREICH GMBH;15.01.2026;12.01.2026;242,66;EUR;
SI10074623;Rechnung;802106;WESER GEBÄUDETECHNIK GMBH;15.01.2026;14.01.2026;11955,88;EUR;
SI10074729;Rechnung;801401;WEST GERÜSTBAU SA;15.01.2026;13.01.2026;9243,66;EUR;
SI10074787;Rechnung;801239;BASALT TECHNIK GMBH;15.01.2026;13.01.2026;2619,04;EUR;
SI10074828;Rechnung;803010;;15.01.2026;14.01.2026;16774,48;EUR;
SI10074923;Rechnung;802011;KOMPAKTBAUSTOFFE GMBH;15.01.2026;14.01.2026;1071,39;EUR;
SI10074926;Rechnung;800159;HANSEBAUSTOFFE GMBH;15.01.2026;13.01.2026;10642,42;EUR;
SI10074996;Rechnung;800177;;15.01.2026;13.01.2026;7441,47;EUR;
SI10075028;Rechnung;802497;GRANITESTRICH GMBH & CO. KG;15.01.2026;12.01.2026;2312,44;EUR;
SI10075066;Rechnung;800768;SILVAGERÜSTBAU GMBH;15.01.2026;13.01.2026;4960,38;EUR;
SI10075136;Rechnung;800050;KORUND LOGISTIK;15.01.2026;12.01.2026;2589,16;EUR;
SI10075253;Rechnung;802839;QUARZDÄMMTECHNIK AG;15.01.2026;14.01.2026;3093,22;EUR;
SI10075297;Rechnung;801900;CERESELEKTRO;15.01.2026;12.01.2026;3466,84;EUR;
SI10075331;Rechnung;802416;BOREAS BAUBEDARF GMBH;15.01.2026;15.01.2026;6113,42;EUR;
SI10075362;Rechnung;801090;NOVAHANDEL;15.01.2026;14.01.2026;2878,06;EUR;
SI10075457;Rechnung;801276;OST MASCHINEN B.V.;15.01.2026;15.01.2026;1626,55;EUR;
SI10075462;Rechnung;802497;GRANITESTRICH GMBH & CO. KG;15.01.2026;14.01.2026;2897,56;EUR;
SI10075475;Rechnung;800283;BOREALISBAU KG;15.01.2026;14.01.2026;8692,06;EUR;
SI10075476;Rechnung;801239;BASALT TECHNIK GMBH;15.01.2026;15.01.2026;3227,19;EUR;
SI10075518;Rechnung;800051;ZENITBAUBEDARF GMBH;15.01.2026;13.01.2026;3307,94;EUR;
SI10075650;Rechnung;802983;ALPEN TROCKENBAU;15.01.2026;12.01.2026;1364,16;EUR;
SI10075664;Rechnung;800197;BOREALISGERÜSTBAU GMBH;15.01.2026;15.01.2026;3239,65;EUR;
SI10075693;Rechnung;800697;RHEINPROFILE GMBH;15.01.2026;23.12.2025;2820,79;EUR;Leistung Dezember 2025, in 2025 als unfakturierte Lieferung abgegrenzt (Konto 260000)
SI10075733;Rechnung;801206;ELBTAL TROCKENBAU GMBH;15.01.2026;12.01.2026;4007,15;EUR;
SI10075746;Rechnung;802007;VULKAN TECHNIK;15.01.2026;15.01.2026;5374,18;EUR;
SI10075757;Rechnung;800150;BEISPIEL ÖSTERREICH GMBH;15.01.2026;14.01.2026;179,48;EUR;
SI10075781;Rechnung;800984;OPAL INNENAUSBAU;15.01.2026;12.01.2026;11823,27;EUR;
SI10075782;Rechnung;801992;ROBURSPEDITION GMBH;15.01.2026;14.01.2026;3969,84;EUR;
SI10075906;Rechnung;801401;WEST GERÜSTBAU SA;15.01.2026;14.01.2026;6231,59;EUR;
SI10076013;Rechnung;802153;TERRAMETALL GMBH;15.01.2026;12.01.2026;3887,65;EUR;
SI10076023;Rechnung;802677;BOREALIS WERKZEUGE GMBH & CO. KG;15.01.2026;13.01.2026;2915,07;EUR;
SI10076062;Rechnung;802295;TAUNUS GERÜSTBAU GMBH & CO. KG;15.01.2026;15.01.2026;7370,17;EUR;
SI10076111;Rechnung;800283;BOREALISBAU KG;15.01.2026;13.01.2026;8491,64;EUR;
SI10076167;Rechnung;802300;ROBURHOCHBAU GMBH;15.01.2026;14.01.2026;855,04;EUR;
SI10076181;Rechnung;802043;VULKAN CHEMIE;15.01.2026;14.01.2026;3436,75;EUR;
SI10076203;Rechnung;800160;ATLAS SYSTEME GMBH;15.01.2026;14.01.2026;8543,42;EUR;
SI10076252;Rechnung;802153;TERRAMETALL GMBH;15.01.2026;15.01.2026;3226,04;EUR;
SI10076402;Rechnung;800283;BOREALISBAU KG;15.01.2026;14.01.2026;13481,92;EUR;
SI10074076;Rechnung;803104;BOREALISBEDACHUNG GMBH;16.01.2026;13.01.2026;10058,83;EUR;
SI10074089;Rechnung;800210;BASALTTIEFBAU GMBH & CO. KG;16.01.2026;14.01.2026;9094,46;EUR;
SI10074141;Rechnung;800295;NOVAFOLIEN MBH;16.01.2026;16.01.2026;2247,46;EUR;
SI10074142;Rechnung;802677;BOREALIS WERKZEUGE GMBH & CO. KG;16.01.2026;13.01.2026;6093,92;EUR;
SI10074185;Rechnung;800215;SILVA HOCHBAU GMBH & CO. KG;16.01.2026;15.01.2026;3171,63;EUR;
SI10074265;Rechnung;803104;BOREALISBEDACHUNG GMBH;16.01.2026;15.01.2026;10862,56;EUR;
SI10074318;Rechnung;801314;KOMPAKT LOGISTIK GMBH;16.01.2026;16.01.2026;7126,80;EUR;
SI10074333;Rechnung;800078;KLINKERMETALL E.K.;16.01.2026;13.01.2026;5939,30;EUR;
SI10074336;Rechnung;801401;WEST GERÜSTBAU SA;16.01.2026;13.01.2026;7852,93;EUR;
SI10074352;Rechnung;801401;WEST GERÜSTBAU SA;16.01.2026;13.01.2026;5789,53;EUR;
SI10074382;Rechnung;800062;HARZ ANLAGENBAU GMBH;16.01.2026;14.01.2026;7567,75;EUR;
SI10074512;Rechnung;802839;QUARZDÄMMTECHNIK AG;16.01.2026;13.01.2026;1986,02;EUR;
SI10074525;Rechnung;801239;BASALT TECHNIK GMBH;16.01.2026;14.01.2026;5398,87;EUR;
SI10074575;Rechnung;800078;KLINKERMETALL E.K.;16.01.2026;14.01.2026;2808,64;EUR;
SI10074584;Rechnung;802171;;16.01.2026;14.01.2026;3818,89;EUR;
SI10074593;Rechnung;801206;ELBTAL TROCKENBAU GMBH;16.01.2026;13.01.2026;7232,68;EUR;
SI10074663;Rechnung;800189;FOKUS MONTAGE MBH;16.01.2026;16.01.2026;7801,43;EUR;
SI10074741;Rechnung;800078;KLINKERMETALL E.K.;16.01.2026;13.01.2026;6549,22;EUR;
SI10074773;Rechnung;800175;ALLGÄUANLAGENBAU GMBH;16.01.2026;13.01.2026;7078,00;EUR;
SI10074897;Rechnung;800086;BOREASLOGISTIK GMBH;16.01.2026;13.01.2026;4538,69;EUR;
SI10074917;Rechnung;801992;ROBURSPEDITION GMBH;16.01.2026;13.01.2026;2697,49;EUR;
SI10074958;Rechnung;802994;POLARIS GEBÄUDETECHNIK GMBH & CO. KG;16.01.2026;16.01.2026;8767,39;EUR;
SI10074978;Rechnung;800150;BEISPIEL ÖSTERREICH GMBH;16.01.2026;15.01.2026;228,68;EUR;
SI10074980;Rechnung;801090;NOVAHANDEL;16.01.2026;13.01.2026;4242,33;EUR;
SI10075054;Rechnung;800292;ARGUSBAUSTOFFE GMBH & CO. KG;16.01.2026;14.01.2026;24184,93;EUR;
SI10075144;Rechnung;802093;ALLGÄUBAU GMBH;16.01.2026;16.01.2026;8464,86;EUR;
SI10075240;Rechnung;801314;KOMPAKT LOGISTIK GMBH;16.01.2026;15.01.2026;2041,67;EUR;
SI10075303;Rechnung;800186;KORUND ELEKTRO GMBH;16.01.2026;16.01.2026;9810,32;EUR;
SI10075405;Rechnung;800004;SÜD PANEELE KG;16.01.2026;14.01.2026;12150,95;EUR;
SI10075430;Rechnung;800181;HANSE GEBÄUDETECHNIK GMBH;16.01.2026;14.01.2026;9695,96;EUR;
SI10075556;Rechnung;800246;ARGUS HANDEL GMBH;16.01.2026;14.01.2026;15251,41;EUR;
SI10075591;Rechnung;801090;NOVAHANDEL;16.01.2026;15.01.2026;3005,48;EUR;
SI10075628;Rechnung;800186;KORUND ELEKTRO GMBH;16.01.2026;13.01.2026;2643,72;EUR;
SI10075638;Rechnung;802994;POLARIS GEBÄUDETECHNIK GMBH & CO. KG;16.01.2026;14.01.2026;7093,74;EUR;
SI10075651;Rechnung;801431;GNEIS BAUELEMENTE GMBH;16.01.2026;14.01.2026;4662,93;EUR;
SI10075685;Rechnung;800284;FORMA ZIEGEL GMBH & CO. KG;16.01.2026;15.01.2026;6199,42;EUR;
SI10075754;Rechnung;802090;ARGUS WERKZEUGE;16.01.2026;16.01.2026;763,33;EUR;
SI10075829;Rechnung;802289;DELTA ZIEGEL GMBH & CO. KG;16.01.2026;13.01.2026;3870,01;EUR;
SI10075833;Rechnung;800286;;16.01.2026;14.01.2026;2220,88;EUR;
SI10075878;Rechnung;800004;SÜD PANEELE KG;16.01.2026;14.01.2026;6261,07;EUR;
SI10075896;Rechnung;802699;ATLASANLAGENBAU;16.01.2026;13.01.2026;6649,17;EUR;
SI10075977;Rechnung;800313;ROBURRECYCLING GMBH;16.01.2026;14.01.2026;2310,81;EUR;
SI10075993;Rechnung;802171;;16.01.2026;16.01.2026;2760,21;EUR;
SI10076015;Rechnung;800177;;16.01.2026;16.01.2026;7495,29;EUR;
SI10076026;Rechnung;801449;TAUNUSBETON;16.01.2026;16.01.2026;3356,41;EUR;
SI10076211;Rechnung;800170;KOMPAKTPROFILE GMBH & CO. KG;16.01.2026;16.01.2026;7025,14;EUR;
SI10076222;Rechnung;801678;NOVARECYCLING;16.01.2026;15.01.2026;312,70;EUR;
SI10076291;Rechnung;801839;MAIN FOLIEN GMBH;16.01.2026;16.01.2026;3604,22;EUR;
SI10074086;Rechnung;802966;PRIMUSCHEMIE GMBH & CO. KG;17.01.2026;17.01.2026;10926,22;EUR;
SI10074099;Rechnung;800181;HANSE GEBÄUDETECHNIK GMBH;17.01.2026;16.01.2026;4222,74;EUR;
SI10074160;Rechnung;802011;KOMPAKTBAUSTOFFE GMBH;17.01.2026;15.01.2026;3664,70;EUR;
SI10074276;Rechnung;802380;SOLIDGEBÄUDETECHNIK B.V.;17.01.2026;14.01.2026;9509,84;EUR;
SI10074327;Rechnung;802328;NORDANLAGENBAU;17.01.2026;16.01.2026;8127,45;EUR;
SI10074348;Rechnung;800060;HANSE INDUSTRIEBEDARF;17.01.2026;16.01.2026;3157,60;EUR;
SI10074360;Rechnung;800160;ATLAS SYSTEME GMBH;17.01.2026;17.01.2026;4545,52;EUR;
SI10074393;Rechnung;801199;PRISMA VERPACKUNG GMBH & CO. KG;17.01.2026;17.01.2026;2024,27;EUR;
SI10074447;Rechnung;802416;BOREAS BAUBEDARF GMBH;17.01.2026;16.01.2026;3168,75;EUR;
SI10074451;Rechnung;802007;VULKAN TECHNIK;17.01.2026;17.01.2026;5206,55;EUR;
SI10074553;Rechnung;802043;VULKAN CHEMIE;17.01.2026;15.01.2026;3465,40;EUR;
SI10074614;Rechnung;802966;PRIMUSCHEMIE GMBH & CO. KG;17.01.2026;16.01.2026;7089,25;EUR;
SI10074700;Rechnung;800284;FORMA ZIEGEL GMBH & CO. KG;17.01.2026;15.01.2026;7314,83;EUR;
SI10074922;Rechnung;800946;HANSE TROCKENBAU;17.01.2026;16.01.2026;4245,76;EUR;
SI10074952;Rechnung;800160;ATLAS SYSTEME GMBH;17.01.2026;16.01.2026;12953,78;EUR;
SI10075026;Rechnung;802043;VULKAN CHEMIE;17.01.2026;16.01.2026;5493,34;EUR;
SI10075058;Rechnung;801206;ELBTAL TROCKENBAU GMBH;17.01.2026;14.01.2026;5128,70;EUR;
SI10075104;Rechnung;801431;GNEIS BAUELEMENTE GMBH;17.01.2026;15.01.2026;2644,18;EUR;
SI10075110;Rechnung;801465;KOMPAKT PLATTEN GMBH;17.01.2026;14.01.2026;2578,10;EUR;
SI10075174;Rechnung;800946;HANSE TROCKENBAU;17.01.2026;16.01.2026;4265,02;EUR;
SI10075226;Rechnung;800860;NOVAELEKTRO;17.01.2026;17.01.2026;2751,25;EUR;
SI10075285;Rechnung;802127;ZENITTIEFBAU GMBH;17.01.2026;16.01.2026;363,20;EUR;
SI10075287;Rechnung;802011;KOMPAKTBAUSTOFFE GMBH;17.01.2026;15.01.2026;4099,70;EUR;
SI10075348;Rechnung;800231;ALLGÄU HANDEL GMBH & CO. KG;17.01.2026;17.01.2026;827,70;EUR;
SI10075385;Rechnung;802289;DELTA ZIEGEL GMBH & CO. KG;17.01.2026;15.01.2026;6309,30;EUR;
SI10075414;Rechnung;801015;TAUNUS BETON GMBH;17.01.2026;16.01.2026;249,60;EUR;
SI10075423;Rechnung;800160;ATLAS SYSTEME GMBH;17.01.2026;14.01.2026;1478,67;EUR;
SI10075549;Rechnung;800050;KORUND LOGISTIK;17.01.2026;16.01.2026;9069,09;EUR;
SI10075580;Rechnung;801090;NOVAHANDEL;17.01.2026;16.01.2026;4092,09;EUR;
SI10075716;Rechnung;802989;FLINT MONTAGEBAU;17.01.2026;17.01.2026;8170,15;EUR;
SI10075717;Rechnung;800050;KORUND LOGISTIK;17.01.2026;17.01.2026;2558,13;EUR;
SI10075728;Rechnung;800295;NOVAFOLIEN MBH;17.01.2026;15.01.2026;599,24;EUR;
SI10075804;Rechnung;801849;CERESMASCHINEN GMBH;17.01.2026;16.01.2026;901,70;EUR;
SI10075928;Rechnung;800186;KORUND ELEKTRO GMBH;17.01.2026;14.01.2026;3491,04;EUR;
SI10075939;Rechnung;801071;FORMA PLATTEN GMBH;17.01.2026;17.01.2026;6880,09;EUR;
SI10076115;Rechnung;800291;ALPEN TECHNIK;17.01.2026;16.01.2026;1626,82;EUR;
SI10076184;Rechnung;802794;FORMAMETALL GMBH;17.01.2026;15.01.2026;5308,04;EUR;
SI10076305;Rechnung;800184;NORDLOGISTIK GMBH;17.01.2026;14.01.2026;7055,54;EUR;
SI10076316;Rechnung;802127;ZENITTIEFBAU GMBH;17.01.2026;16.01.2026;413,30;EUR;
SI10076326;Rechnung;802530;KORUND ZIEGEL GMBH;17.01.2026;15.01.2026;3238,21;EUR;
SI10074102;Rechnung;802983;ALPEN TROCKENBAU;18.01.2026;17.01.2026;2398,86;EUR;
SI10074143;Rechnung;802289;DELTA ZIEGEL GMBH & CO. KG;18.01.2026;17.01.2026;3452,49;EUR;
SI10074157;Rechnung;800186;KORUND ELEKTRO GMBH;18.01.2026;17.01.2026;6769,54;EUR;
SI10074217;Rechnung;800040;SOLIDHOCHBAU GMBH;18.01.2026;18.01.2026;2055,20;EUR;
SI10074271;Rechnung;802160;;18.01.2026;17.01.2026;2414,79;EUR;
SI10074569;Rechnung;800286;;18.01.2026;16.01.2026;6562,23;EUR;
SI10074578;Rechnung;800246;ARGUS HANDEL GMBH;18.01.2026;15.01.2026;9724,80;EUR;
SI10074694;Rechnung;801286;PRIMUSLOGISTIK GMBH & CO. KG;18.01.2026;18.01.2026;4811,91;EUR;
SI10074759;Rechnung;800186;KORUND ELEKTRO GMBH;18.01.2026;18.01.2026;11455,70;EUR;
SI10074782;Rechnung;803040;PRISMA PROFILE SA;18.01.2026;16.01.2026;1583,02;EUR;
SI10074821;Rechnung;800984;OPAL INNENAUSBAU;18.01.2026;15.01.2026;2916,74;EUR;
SI10074873;Rechnung;800160;ATLAS SYSTEME GMBH;18.01.2026;15.01.2026;7003,14;EUR;
SI10074908;Rechnung;802983;ALPEN TROCKENBAU;18.01.2026;18.01.2026;5125,05;EUR;
SI10074954;Rechnung;802007;VULKAN TECHNIK;18.01.2026;16.01.2026;6548,03;EUR;
SI10074983;Rechnung;800860;NOVAELEKTRO;18.01.2026;17.01.2026;9153,61;EUR;
SI10075072;Rechnung;800313;ROBURRECYCLING GMBH;18.01.2026;18.01.2026;8475,04;EUR;
SI10075129;Rechnung;800170;KOMPAKTPROFILE GMBH & CO. KG;18.01.2026;15.01.2026;3668,93;EUR;
SI10075170;Rechnung;801435;ALLGÄU INDUSTRIEBEDARF GMBH & CO. KG;18.01.2026;16.01.2026;15117,74;EUR;
SI10075184;Rechnung;800630;FORMA FOLIEN GMBH;18.01.2026;15.01.2026;12361,49;EUR;
SI10075221;Rechnung;802065;SÜD TRANSPORT GMBH;18.01.2026;17.01.2026;2830,82;EUR;
SI10075417;Rechnung;800181;HANSE GEBÄUDETECHNIK GMBH;18.01.2026;15.01.2026;4191,03;EUR;
SI10075459;Rechnung;800186;KORUND ELEKTRO GMBH;18.01.2026;15.01.2026;16340,21;EUR;
SI10075647;Rechnung;800186;KORUND ELEKTRO GMBH;18.01.2026;17.01.2026;7594,51;EUR;
SI10075656;Rechnung;801199;PRISMA VERPACKUNG GMBH & CO. KG;18.01.2026;16.01.2026;4918,90;EUR;
SI10075689;Rechnung;800630;FORMA FOLIEN GMBH;18.01.2026;16.01.2026;10260,49;EUR;
SI10075731;Rechnung;801849;CERESMASCHINEN GMBH;18.01.2026;15.01.2026;1328,63;EUR;
SI10075734;Rechnung;801199;PRISMA VERPACKUNG GMBH & CO. KG;18.01.2026;16.01.2026;8679,32;EUR;
SI10075749;Rechnung;800215;SILVA HOCHBAU GMBH & CO. KG;18.01.2026;15.01.2026;4142,81;EUR;
SI10075760;Rechnung;802147;QUARZ SPEDITION GMBH;18.01.2026;15.01.2026;6763,44;EUR;
SI10075771;Rechnung;800051;ZENITBAUBEDARF GMBH;18.01.2026;15.01.2026;2856,66;EUR;
SI10075832;Rechnung;800150;BEISPIEL ÖSTERREICH GMBH;18.01.2026;18.01.2026;286,67;EUR;
SI10075866;Rechnung;800295;NOVAFOLIEN MBH;18.01.2026;16.01.2026;5161,41;EUR;
SI10075880;Rechnung;800697;RHEINPROFILE GMBH;18.01.2026;16.01.2026;3690,74;EUR;
SI10075916;Rechnung;801314;KOMPAKT LOGISTIK GMBH;18.01.2026;17.01.2026;2386,66;EUR;
SI10075944;Rechnung;802521;BASALTVERPACKUNG GMBH;18.01.2026;18.01.2026;4575,74;EUR;
SI10076039;Rechnung;801839;MAIN FOLIEN GMBH;18.01.2026;18.01.2026;2155,09;EUR;
SI10076054;Rechnung;802106;WESER GEBÄUDETECHNIK GMBH;18.01.2026;16.01.2026;11424,36;EUR;
SI10076206;Rechnung;801435;ALLGÄU INDUSTRIEBEDARF GMBH & CO. KG;18.01.2026;18.01.2026;12124,99;EUR;
SI10076214;Rechnung;802521;BASALTVERPACKUNG GMBH;18.01.2026;15.01.2026;7377,44;EUR;
SI10076269;Rechnung;802153;TERRAMETALL GMBH;18.01.2026;18.01.2026;258,38;EUR;
SI10076298;Rechnung;801239;BASALT TECHNIK GMBH;18.01.2026;17.01.2026;3930,66;EUR;
SI10076349;Rechnung;800004;SÜD PANEELE KG;18.01.2026;18.01.2026;2440,75;EUR;
SI10076369;Rechnung;800078;KLINKERMETALL E.K.;18.01.2026;17.01.2026;4765,69;EUR;
SI10074111;Rechnung;800062;HARZ ANLAGENBAU GMBH;19.01.2026;16.01.2026;6828,35;EUR;
SI10074155;Rechnung;802966;PRIMUSCHEMIE GMBH & CO. KG;19.01.2026;19.01.2026;3563,99;EUR;
SI10074198;Rechnung;802416;BOREAS BAUBEDARF GMBH;19.01.2026;19.01.2026;7619,67;EUR;
SI10074410;Rechnung;802367;GRANITKUNSTSTOFFE;19.01.2026;17.01.2026;2546,63;EUR;
SI10074467;Rechnung;801948;MAIN TECHNIK;19.01.2026;19.01.2026;9720,11;EUR;
SI10074485;Rechnung;802367;GRANITKUNSTSTOFFE;19.01.2026;16.01.2026;3612,85;EUR;
SI10074501;Rechnung;800040;SOLIDHOCHBAU GMBH;19.01.2026;16.01.2026;3993,07;EUR;
SI10074529;Rechnung;800002;POLARIS BAUBEDARF KG;19.01.2026;17.01.2026;7705,15;EUR;
SI10074564;Rechnung;803010;;19.01.2026;16.01.2026;114,04;EUR;
SI10074600;Rechnung;802839;QUARZDÄMMTECHNIK AG;19.01.2026;16.01.2026;2523,98;EUR;
SI10074610;Rechnung;802043;VULKAN CHEMIE;19.01.2026;17.01.2026;4282,89;EUR;
SI10074753;Rechnung;802289;DELTA ZIEGEL GMBH & CO. KG;19.01.2026;19.01.2026;4709,95;EUR;
SI10074789;Rechnung;800283;BOREALISBAU KG;19.01.2026;18.01.2026;13253,54;EUR;
SI10074818;Rechnung;800086;BOREASLOGISTIK GMBH;19.01.2026;19.01.2026;4504,29;EUR;
SI10074882;Rechnung;802839;QUARZDÄMMTECHNIK AG;19.01.2026;16.01.2026;7279,34;EUR;
SI10074906;Rechnung;800189;FOKUS MONTAGE MBH;19.01.2026;16.01.2026;10685,17;EUR;
SI10074929;Rechnung;800246;ARGUS HANDEL GMBH;19.01.2026;19.01.2026;3663,82;EUR;
SI10075000;Rechnung;802736;CeresMaschinen;19.01.2026;19.01.2026;4488,37;EUR;
SI10075016;Rechnung;802989;FLINT MONTAGEBAU;19.01.2026;17.01.2026;6273,23;EUR;
SI10075048;Rechnung;800231;ALLGÄU HANDEL GMBH & CO. KG;19.01.2026;17.01.2026;4107,66;EUR;
SI10075051;Rechnung;800062;HARZ ANLAGENBAU GMBH;19.01.2026;18.01.2026;7957,61;EUR;
SI10075138;Rechnung;800298;ARGUS GERÜSTBAU;19.01.2026;19.01.2026;1273,82;EUR;
SI10075139;Rechnung;802530;KORUND ZIEGEL GMBH;19.01.2026;17.01.2026;8432,76;EUR;
SI10075278;Rechnung;800697;RHEINPROFILE GMBH;19.01.2026;16.01.2026;2485,88;EUR;
SI10075399;Rechnung;802106;WESER GEBÄUDETECHNIK GMBH;19.01.2026;17.01.2026;12914,89;EUR;
SI10075456;Rechnung;800984;OPAL INNENAUSBAU;19.01.2026;18.01.2026;5084,24;EUR;
SI10075620;Rechnung;800603;TAUNUS TROCKENBAU BV;19.01.2026;19.01.2026;3363,97;EUR;
SI10075705;Rechnung;800051;ZENITBAUBEDARF GMBH;19.01.2026;18.01.2026;5413,74;EUR;
SI10075714;Rechnung;800989;ALLGÄUELEKTRO;19.01.2026;18.01.2026;1932,60;EUR;
SI10075827;Rechnung;801314;KOMPAKT LOGISTIK GMBH;19.01.2026;17.01.2026;2827,13;EUR;
SI10075952;Rechnung;801206;ELBTAL TROCKENBAU GMBH;19.01.2026;17.01.2026;4450,50;EUR;
SI10076051;Rechnung;800989;ALLGÄUELEKTRO;19.01.2026;18.01.2026;485,52;EUR;
SI10076077;Rechnung;800186;KORUND ELEKTRO GMBH;19.01.2026;19.01.2026;5560,65;EUR;
SI10076097;Rechnung;800292;ARGUSBAUSTOFFE GMBH & CO. KG;19.01.2026;19.01.2026;7426,03;EUR;
SI10076217;Rechnung;800189;FOKUS MONTAGE MBH;19.01.2026;19.01.2026;8337,45;EUR;
SI10076232;Rechnung;802989;FLINT MONTAGEBAU;19.01.2026;19.01.2026;7701,34;EUR;
SI10076237;Rechnung;800238;TERRA SYSTEME;19.01.2026;16.01.2026;3066,20;EUR;
SI10076282;Rechnung;801090;NOVAHANDEL;19.01.2026;16.01.2026;8072,89;EUR;
SI10076306;Rechnung;803010;;19.01.2026;16.01.2026;21911,41;EUR;
SI10076309;Rechnung;800177;;19.01.2026;16.01.2026;1174,37;EUR;
SI10076331;Rechnung;800175;ALLGÄUANLAGENBAU GMBH;19.01.2026;17.01.2026;1650,69;EUR;
SI10076357;Rechnung;800291;ALPEN TECHNIK;19.01.2026;16.01.2026;10563,26;EUR;
SI10076372;Rechnung;803085;ARGUSPROFILE GMBH;19.01.2026;16.01.2026;5154,76;EUR;
SI10074065;Rechnung;802043;VULKAN CHEMIE;20.01.2026;17.01.2026;3072,06;EUR;
SI10074096;Rechnung;800175;ALLGÄUANLAGENBAU GMBH;20.01.2026;17.01.2026;6091,89;EUR;
SI10074125;Rechnung;801090;NOVAHANDEL;20.01.2026;20.01.2026;5306,10;EUR;
SI10074140;Rechnung;801037;SILVA INDUSTRIEBEDARF GMBH;20.01.2026;19.01.2026;11244,49;EUR;
SI10074184;Rechnung;802289;DELTA ZIEGEL GMBH & CO. KG;20.01.2026;19.01.2026;2268,45;EUR;
SI10074282;Rechnung;802497;GRANITESTRICH GMBH & CO. KG;20.01.2026;19.01.2026;924,51;EUR;
SI10074300;Rechnung;800238;TERRA SYSTEME;20.01.2026;19.01.2026;6034,37;EUR;
SI10074423;Rechnung;800291;ALPEN TECHNIK;20.01.2026;18.01.2026;12537,31;EUR;
SI10074459;Rechnung;800946;HANSE TROCKENBAU;20.01.2026;20.01.2026;260,39;EUR;
SI10074476;Rechnung;801090;NOVAHANDEL;20.01.2026;19.01.2026;2212,93;EUR;
SI10074506;Rechnung;802989;FLINT MONTAGEBAU;20.01.2026;20.01.2026;7269,15;EUR;
SI10074565;Rechnung;800768;SILVAGERÜSTBAU GMBH;20.01.2026;18.01.2026;5914,22;EUR;
SI10074644;Rechnung;800181;HANSE GEBÄUDETECHNIK GMBH;20.01.2026;18.01.2026;1793,60;EUR;
SI10074650;Rechnung;800175;ALLGÄUANLAGENBAU GMBH;20.01.2026;19.01.2026;4373,81;EUR;
SI10074707;Rechnung;802090;ARGUS WERKZEUGE;20.01.2026;19.01.2026;3061,88;EUR;
SI10074726;Rechnung;802011;KOMPAKTBAUSTOFFE GMBH;20.01.2026;19.01.2026;4301,89;EUR;
SI10074776;Rechnung;800150;BEISPIEL ÖSTERREICH GMBH;20.01.2026;20.01.2026;170,02;EUR;
SI10074902;Rechnung;802295;TAUNUS GERÜSTBAU GMBH & CO. KG;20.01.2026;20.01.2026;10836,27;EUR;
SI10075020;Rechnung;801678;NOVARECYCLING;20.01.2026;19.01.2026;1808,83;EUR;
SI10075076;Rechnung;800177;;20.01.2026;19.01.2026;2657,50;EUR;
SI10075090;Rechnung;801276;OST MASCHINEN B.V.;20.01.2026;17.01.2026;1795,49;EUR;
SI10075127;Rechnung;802966;PRIMUSCHEMIE GMBH & CO. KG;20.01.2026;19.01.2026;9640,19;EUR;
SI10075194;Rechnung;800603;TAUNUS TROCKENBAU BV;20.01.2026;18.01.2026;7779,26;EUR;
SI10075199;Rechnung;802983;ALPEN TROCKENBAU;20.01.2026;20.01.2026;1507,01;EUR;
SI10075236;Rechnung;800004;SÜD PANEELE KG;20.01.2026;18.01.2026;12472,25;EUR;
SI10075243;Rechnung;800246;ARGUS HANDEL GMBH;20.01.2026;18.01.2026;12997,66;EUR;
SI10075316;Rechnung;800211;FELDSPAT HOCHBAU GMBH & CO. KG;20.01.2026;20.01.2026;4583,36;EUR;
SI10075384;Rechnung;800298;ARGUS GERÜSTBAU;20.01.2026;18.01.2026;2850,36;EUR;
SI10075387;Rechnung;802839;QUARZDÄMMTECHNIK AG;20.01.2026;19.01.2026;1992,80;EUR;
SI10075402;Rechnung;802530;KORUND ZIEGEL GMBH;20.01.2026;17.01.2026;8171,89;EUR;
SI10075590;Rechnung;802011;KOMPAKTBAUSTOFFE GMBH;20.01.2026;18.01.2026;5803,72;EUR;
SI10075653;Rechnung;800284;FORMA ZIEGEL GMBH & CO. KG;20.01.2026;17.01.2026;4649,38;EUR;
SI10075672;Rechnung;801206;ELBTAL TROCKENBAU GMBH;20.01.2026;18.01.2026;1037,69;EUR;
SI10075742;Rechnung;803040;PRISMA PROFILE SA;20.01.2026;18.01.2026;1750,80;EUR;
SI10075862;Rechnung;801839;MAIN FOLIEN GMBH;20.01.2026;20.01.2026;1203,69;EUR;
SI10075895;Rechnung;801449;TAUNUSBETON;20.01.2026;19.01.2026;9366,06;EUR;
SI10075908;Rechnung;800184;NORDLOGISTIK GMBH;20.01.2026;19.01.2026;5538,26;EUR;
SI10075932;Rechnung;802090;ARGUS WERKZEUGE;20.01.2026;20.01.2026;702,48;EUR;
SI10076056;Rechnung;801314;KOMPAKT LOGISTIK GMBH;20.01.2026;19.01.2026;2268,69;EUR;
SI10076090;Rechnung;802171;;20.01.2026;17.01.2026;3678,10;EUR;
SI10076140;Rechnung;802328;NORDANLAGENBAU;20.01.2026;20.01.2026;2707,89;EUR;
SI10076143;Rechnung;800002;POLARIS BAUBEDARF KG;20.01.2026;17.01.2026;906,88;EUR;
SI10076191;Rechnung;800989;ALLGÄUELEKTRO;20.01.2026;18.01.2026;31,31;EUR;
SI10076207;Rechnung;800238;TERRA SYSTEME;20.01.2026;17.01.2026;9261,20;EUR;
SI10076259;Rechnung;800291;ALPEN TECHNIK;20.01.2026;18.01.2026;3537,75;EUR;
SI10076335;Rechnung;800002;POLARIS BAUBEDARF KG;20.01.2026;18.01.2026;2266,35;EUR;
SI10074106;Rechnung;801849;CERESMASCHINEN GMBH;21.01.2026;20.01.2026;1738,62;EUR;
SI10074116;Rechnung;800189;FOKUS MONTAGE MBH;21.01.2026;18.01.2026;11001,05;EUR;
SI10074245;Rechnung;803010;;21.01.2026;20.01.2026;27180,85;EUR;
SI10074324;Rechnung;803080;ALPENWERKZEUGE;21.01.2026;19.01.2026;15427,99;EUR;
SI10074332;Rechnung;800295;NOVAFOLIEN MBH;21.01.2026;21.01.2026;898,15;EUR;
SI10074350;Rechnung;801239;BASALT TECHNIK GMBH;21.01.2026;20.01.2026;5441,63;EUR;
SI10074355;Rechnung;801435;ALLGÄU INDUSTRIEBEDARF GMBH & CO. KG;21.01.2026;20.01.2026;13119,75;EUR;
SI10074370;Rechnung;801037;SILVA INDUSTRIEBEDARF GMBH;21.01.2026;21.01.2026;10039,41;EUR;
SI10074422;Rechnung;801431;GNEIS BAUELEMENTE GMBH;21.01.2026;20.01.2026;4181,34;EUR;
SI10074430;Rechnung;800286;;21.01.2026;21.01.2026;2858,29;EUR;
SI10074580;Rechnung;802794;FORMAMETALL GMBH;21.01.2026;20.01.2026;9364,85;EUR;
SI10074619;Rechnung;801839;MAIN FOLIEN GMBH;21.01.2026;20.01.2026;3726,80;EUR;
SI10074680;Rechnung;800313;ROBURRECYCLING GMBH;21.01.2026;18.01.2026;4353,26;EUR;
SI10074738;Rechnung;800150;BEISPIEL ÖSTERREICH GMBH;21.01.2026;21.01.2026;273,62;EUR;
SI10074745;Rechnung;802794;FORMAMETALL GMBH;21.01.2026;18.01.2026;9745,63;EUR;
SI10074845;Rechnung;802011;KOMPAKTBAUSTOFFE GMBH;21.01.2026;18.01.2026;5433,87;EUR;
SI10074931;Rechnung;800284;FORMA ZIEGEL GMBH & CO. KG;21.01.2026;21.01.2026;6412,25;EUR;
SI10074993;Rechnung;800078;KLINKERMETALL E.K.;21.01.2026;19.01.2026;9651,00;EUR;
SI10075060;Rechnung;800210;BASALTTIEFBAU GMBH & CO. KG;21.01.2026;18.01.2026;8176,07;EUR;
SI10075084;Rechnung;800175;ALLGÄUANLAGENBAU GMBH;21.01.2026;20.01.2026;8412,70;EUR;
SI10075101;Rechnung;802983;ALPEN TROCKENBAU;21.01.2026;18.01.2026;1019,86;EUR;
SI10075142;Rechnung;800150;BEISPIEL ÖSTERREICH GMBH;21.01.2026;21.01.2026;13060,84;EUR;
SI10075231;Rechnung;800050;KORUND LOGISTIK;21.01.2026;20.01.2026;4680,58;EUR;
SI10075249;Rechnung;801449;TAUNUSBETON;21.01.2026;18.01.2026;3530,57;EUR;
SI10075467;Rechnung;802160;;21.01.2026;18.01.2026;3475,76;EUR;
SI10075470;Rechnung;800283;BOREALISBAU KG;21.01.2026;21.01.2026;10866,35;EUR;
SI10075555;Rechnung;802380;SOLIDGEBÄUDETECHNIK B.V.;21.01.2026;18.01.2026;5683,17;EUR;
SI10075611;Rechnung;802090;ARGUS WERKZEUGE;21.01.2026;20.01.2026;607,45;EUR;
SI10075646;Rechnung;802007;VULKAN TECHNIK;21.01.2026;18.01.2026;4270,89;EUR;
SI10075704;Rechnung;801015;TAUNUS BETON GMBH;21.01.2026;20.01.2026;299,56;EUR;
SI10075711;Rechnung;800212;ZENIT HANDEL GMBH;21.01.2026;21.01.2026;2174,21;EUR;
SI10075822;Rechnung;800002;POLARIS BAUBEDARF KG;21.01.2026;20.01.2026;492,52;EUR;
SI10075848;Rechnung;800989;ALLGÄUELEKTRO;21.01.2026;19.01.2026;40,83;EUR;
SI10075851;Rechnung;802445;HANSE INDUSTRIEBEDARF GMBH;21.01.2026;21.01.2026;4433,73;EUR;
SI10075872;Rechnung;803085;ARGUSPROFILE GMBH;21.01.2026;19.01.2026;4564,53;EUR;
SI10075889;Rechnung;800062;HARZ ANLAGENBAU GMBH;21.01.2026;21.01.2026;7982,17;EUR;
SI10075974;Rechnung;800231;ALLGÄU HANDEL GMBH & CO. KG;21.01.2026;21.01.2026;7052,69;EUR;
SI10076082;Rechnung;800286;;21.01.2026;18.01.2026;917,97;EUR;
SI10076338;Rechnung;800078;KLINKERMETALL E.K.;21.01.2026;19.01.2026;6373,29;EUR;
SI10076342;Rechnung;802047;POLARISBETON GMBH;21.01.2026;20.01.2026;3041,93;EUR;
SI10076344;Rechnung;801037;SILVA INDUSTRIEBEDARF GMBH;21.01.2026;19.01.2026;10866,47;EUR;
SI10076376;Rechnung;800186;KORUND ELEKTRO GMBH;21.01.2026;20.01.2026;14587,16;EUR;
SI10076379;Rechnung;802289;DELTA ZIEGEL GMBH & CO. KG;21.01.2026;19.01.2026;4053,57;EUR;
SI10074197;Rechnung;802171;;22.01.2026;21.01.2026;2397,20;EUR;
SI10074225;Rechnung;801678;NOVARECYCLING;22.01.2026;19.01.2026;1007,91;EUR;
SI10074255;Rechnung;800630;FORMA FOLIEN GMBH;22.01.2026;21.01.2026;7387,37;EUR;
SI10074380;Rechnung;802300;ROBURHOCHBAU GMBH;22.01.2026;21.01.2026;589,78;EUR;
SI10074482;Rechnung;801401;WEST GERÜSTBAU SA;22.01.2026;22.01.2026;9911,69;EUR;
SI10074534;Rechnung;800210;BASALTTIEFBAU GMBH & CO. KG;22.01.2026;19.01.2026;1712,10;EUR;
SI10074558;Rechnung;802994;POLARIS GEBÄUDETECHNIK GMBH & CO. KG;22.01.2026;19.01.2026;6518,52;EUR;
SI10074566;Rechnung;802445;HANSE INDUSTRIEBEDARF GMBH;22.01.2026;20.01.2026;3559,38;EUR;
SI10074588;Rechnung;802989;FLINT MONTAGEBAU;22.01.2026;19.01.2026;1655,26;EUR;
SI10074608;Rechnung;803104;BOREALISBEDACHUNG GMBH;22.01.2026;19.01.2026;8766,88;EUR;
SI10074692;Rechnung;801449;TAUNUSBETON;22.01.2026;20.01.2026;2927,03;EUR;
SI10074810;Rechnung;800186;KORUND ELEKTRO GMBH;22.01.2026;20.01.2026;6275,11;EUR;
SI10074868;Rechnung;800051;ZENITBAUBEDARF GMBH;22.01.2026;21.01.2026;3498,73;EUR;
SI10074876;Rechnung;800062;HARZ ANLAGENBAU GMBH;22.01.2026;19.01.2026;5833,92;EUR;
SI10074894;Rechnung;800813;ORIONHANDEL AG;22.01.2026;19.01.2026;3954,05;EUR;
SI10074912;Rechnung;800189;FOKUS MONTAGE MBH;22.01.2026;19.01.2026;3891,49;EUR;
SI10074990;Rechnung;801431;GNEIS BAUELEMENTE GMBH;22.01.2026;21.01.2026;6241,89;EUR;
SI10075003;Rechnung;800313;ROBURRECYCLING GMBH;22.01.2026;19.01.2026;12641,77;EUR;
SI10075021;Rechnung;801900;CERESELEKTRO;22.01.2026;22.01.2026;8909,44;EUR;
SI10075064;Rechnung;802127;ZENITTIEFBAU GMBH;22.01.2026;22.01.2026;2711,60;EUR;
SI10075157;Rechnung;800050;KORUND LOGISTIK;22.01.2026;22.01.2026;2551,74;EUR;
SI10075164;Rechnung;800197;BOREALISGERÜSTBAU GMBH;22.01.2026;21.01.2026;3298,14;EUR;
SI10075171;Rechnung;800246;ARGUS HANDEL GMBH;22.01.2026;19.01.2026;12915,87;EUR;
SI10075294;Rechnung;802367;GRANITKUNSTSTOFFE;22.01.2026;19.01.2026;3571,12;EUR;
SI10075298;Rechnung;800078;KLINKERMETALL E.K.;22.01.2026;22.01.2026;7639,50;EUR;
SI10075321;Rechnung;800051;ZENITBAUBEDARF GMBH;22.01.2026;22.01.2026;5831,75;EUR;
SI10075359;Rechnung;802007;VULKAN TECHNIK;22.01.2026;28.12.2025;3416,77;EUR;Leistung Dezember 2025, in 2025 als unfakturierte Lieferung abgegrenzt (Konto 260000)
SI10075364;Rechnung;802521;BASALTVERPACKUNG GMBH;22.01.2026;19.01.2026;1889,55;EUR;
SI10075374;Rechnung;800313;ROBURRECYCLING GMBH;22.01.2026;20.01.2026;11930,95;EUR;
SI10075507;Rechnung;801948;MAIN TECHNIK;22.01.2026;22.01.2026;3183,75;EUR;
SI10075568;Rechnung;800989;ALLGÄUELEKTRO;22.01.2026;20.01.2026;478,49;EUR;
SI10075582;Rechnung;802289;DELTA ZIEGEL GMBH & CO. KG;22.01.2026;20.01.2026;5731,59;EUR;
SI10075624;Rechnung;803010;;22.01.2026;19.01.2026;550,73;EUR;
SI10075722;Rechnung;800313;ROBURRECYCLING GMBH;22.01.2026;20.01.2026;9639,09;EUR;
SI10075762;Rechnung;800284;FORMA ZIEGEL GMBH & CO. KG;22.01.2026;21.01.2026;8896,97;EUR;
SI10075776;Rechnung;801071;FORMA PLATTEN GMBH;22.01.2026;22.01.2026;3267,75;EUR;
SI10075841;Rechnung;800002;POLARIS BAUBEDARF KG;22.01.2026;21.01.2026;3301,33;EUR;
SI10075921;Rechnung;800050;KORUND LOGISTIK;22.01.2026;22.01.2026;12521,89;EUR;
SI10075929;Rechnung;800181;HANSE GEBÄUDETECHNIK GMBH;22.01.2026;20.01.2026;6497,04;EUR;
SI10076048;Rechnung;801353;FOKUSTECHNIK KG;22.01.2026;22.01.2026;12946,84;EUR;
SI10076125;Rechnung;802497;GRANITESTRICH GMBH & CO. KG;22.01.2026;19.01.2026;1197,49;EUR;
SI10076247;Rechnung;802497;GRANITESTRICH GMBH & CO. KG;22.01.2026;20.01.2026;7739,18;EUR;
SI10076255;Rechnung;800175;ALLGÄUANLAGENBAU GMBH;22.01.2026;21.01.2026;4037,26;EUR;
SI10076296;Rechnung;800175;ALLGÄUANLAGENBAU GMBH;22.01.2026;21.01.2026;3164,75;EUR;
SI10076328;Rechnung;800175;ALLGÄUANLAGENBAU GMBH;22.01.2026;19.01.2026;3109,71;EUR;
SI10074178;Rechnung;800284;FORMA ZIEGEL GMBH & CO. KG;23.01.2026;20.01.2026;4105,19;EUR;
SI10074218;Rechnung;800313;ROBURRECYCLING GMBH;23.01.2026;23.01.2026;10342,52;EUR;
SI10074280;Rechnung;801314;KOMPAKT LOGISTIK GMBH;23.01.2026;21.01.2026;4118,65;EUR;
SI10074293;Rechnung;800238;TERRA SYSTEME;23.01.2026;20.01.2026;5381,06;EUR;
SI10074404;Rechnung;800051;ZENITBAUBEDARF GMBH;23.01.2026;23.01.2026;4649,64;EUR;
SI10074435;Rechnung;800630;FORMA FOLIEN GMBH;23.01.2026;23.01.2026;330,31;EUR;
SI10074448;Rechnung;800860;NOVAELEKTRO;23.01.2026;29.12.2025;3650,38;EUR;Leistung Dezember 2025, in 2025 als unfakturierte Lieferung abgegrenzt (Konto 260000)
SI10074498;Rechnung;802289;DELTA ZIEGEL GMBH & CO. KG;23.01.2026;22.01.2026;3739,12;EUR;
SI10074681;Rechnung;800768;SILVAGERÜSTBAU GMBH;23.01.2026;20.01.2026;2046,19;EUR;
SI10074742;Rechnung;802093;ALLGÄUBAU GMBH;23.01.2026;21.01.2026;2000,78;EUR;
SI10075062;Rechnung;801465;KOMPAKT PLATTEN GMBH;23.01.2026;22.01.2026;2470,95;EUR;
SI10075063;Rechnung;803010;;23.01.2026;21.01.2026;463,40;EUR;
SI10075125;Rechnung;802839;QUARZDÄMMTECHNIK AG;23.01.2026;21.01.2026;15606,99;EUR;
SI10075189;Rechnung;800150;BEISPIEL ÖSTERREICH GMBH;23.01.2026;21.01.2026;6883,33;EUR;
SI10075289;Rechnung;802043;VULKAN CHEMIE;23.01.2026;22.01.2026;2212,78;EUR;
SI10075317;Rechnung;802445;HANSE INDUSTRIEBEDARF GMBH;23.01.2026;21.01.2026;11062,89;EUR;
SI10075338;Rechnung;800060;HANSE INDUSTRIEBEDARF;23.01.2026;20.01.2026;2753,90;EUR;
SI10075389;Rechnung;802839;QUARZDÄMMTECHNIK AG;23.01.2026;21.01.2026;8980,19;EUR;
SI10075397;Rechnung;802445;HANSE INDUSTRIEBEDARF GMBH;23.01.2026;22.01.2026;10740,41;EUR;
SI10075468;Rechnung;801090;NOVAHANDEL;23.01.2026;23.01.2026;4406,05;EUR;
SI10075501;Rechnung;800860;NOVAELEKTRO;23.01.2026;21.01.2026;4202,47;EUR;
SI10075684;Rechnung;800159;HANSEBAUSTOFFE GMBH;23.01.2026;20.01.2026;9494,47;EUR;
SI10075899;Rechnung;801900;CERESELEKTRO;23.01.2026;23.01.2026;2686,10;EUR;
SI10075987;Rechnung;802839;QUARZDÄMMTECHNIK AG;23.01.2026;20.01.2026;10276,20;EUR;
SI10076005;Rechnung;800040;SOLIDHOCHBAU GMBH;23.01.2026;22.01.2026;2091,56;EUR;
SI10076096;Rechnung;802966;PRIMUSCHEMIE GMBH & CO. KG;23.01.2026;20.01.2026;4474,65;EUR;
SI10076121;Rechnung;800283;BOREALISBAU KG;23.01.2026;20.01.2026;8266,86;EUR;
SI10076136;Rechnung;802994;POLARIS GEBÄUDETECHNIK GMBH & CO. KG;23.01.2026;23.01.2026;9855,97;EUR;
SI10076152;Rechnung;800603;TAUNUS TROCKENBAU BV;23.01.2026;20.01.2026;6753,07;EUR;
SI10076169;Rechnung;802043;VULKAN CHEMIE;23.01.2026;22.01.2026;3391,28;EUR;
SI10076186;Rechnung;802171;;23.01.2026;21.01.2026;13489,04;EUR;
SI10076240;Rechnung;801992;ROBURSPEDITION GMBH;23.01.2026;23.01.2026;3204,20;EUR;
SI10076299;Rechnung;802445;HANSE INDUSTRIEBEDARF GMBH;23.01.2026;22.01.2026;10866,50;EUR;
SI10076332;Rechnung;800210;BASALTTIEFBAU GMBH & CO. KG;23.01.2026;21.01.2026;2811,37;EUR;
SI10076399;Rechnung;802839;QUARZDÄMMTECHNIK AG;23.01.2026;21.01.2026;9236,78;EUR;
SI10074079;Rechnung;801286;PRIMUSLOGISTIK GMBH & CO. KG;24.01.2026;24.01.2026;3259,08;EUR;
SI10074090;Rechnung;800159;HANSEBAUSTOFFE GMBH;24.01.2026;23.01.2026;6242,11;EUR;
SI10074238;Rechnung;801353;FOKUSTECHNIK KG;24.01.2026;21.01.2026;5233,83;EUR;
SI10074307;Rechnung;800298;ARGUS GERÜSTBAU;24.01.2026;24.01.2026;1594,67;EUR;
SI10074347;Rechnung;802989;FLINT MONTAGEBAU;24.01.2026;24.01.2026;8694,08;EUR;
SI10074517;Rechnung;800197;BOREALISGERÜSTBAU GMBH;24.01.2026;21.01.2026;5124,63;EUR;
SI10074604;Rechnung;803104;BOREALISBEDACHUNG GMBH;24.01.2026;22.01.2026;9642,65;EUR;
SI10074715;Rechnung;801401;WEST GERÜSTBAU SA;24.01.2026;23.01.2026;9924,19;EUR;
SI10074761;Rechnung;801431;GNEIS BAUELEMENTE GMBH;24.01.2026;23.01.2026;11574,21;EUR;
SI10074797;Rechnung;801465;KOMPAKT PLATTEN GMBH;24.01.2026;23.01.2026;2232,11;EUR;
SI10074985;Rechnung;802093;ALLGÄUBAU GMBH;24.01.2026;23.01.2026;6680,87;EUR;
SI10075154;Rechnung;800197;BOREALISGERÜSTBAU GMBH;24.01.2026;24.01.2026;3775,38;EUR;
SI10075178;Rechnung;800210;BASALTTIEFBAU GMBH & CO. KG;24.01.2026;21.01.2026;9048,68;EUR;
SI10075197;Rechnung;800150;BEISPIEL ÖSTERREICH GMBH;24.01.2026;21.01.2026;234,60;EUR;
SI10075305;Rechnung;800212;ZENIT HANDEL GMBH;24.01.2026;22.01.2026;1754,38;EUR;
SI10075318;Rechnung;800697;RHEINPROFILE GMBH;24.01.2026;21.01.2026;1672,24;EUR;
SI10075337;Rechnung;801948;MAIN TECHNIK;24.01.2026;21.01.2026;7382,50;EUR;
SI10075377;Rechnung;801206;ELBTAL TROCKENBAU GMBH;24.01.2026;22.01.2026;6014,00;EUR;
SI10075392;Rechnung;802416;BOREAS BAUBEDARF GMBH;24.01.2026;23.01.2026;5313,46;EUR;
SI10075425;Rechnung;801678;NOVARECYCLING;24.01.2026;23.01.2026;267,82;EUR;
SI10075520;Rechnung;800291;ALPEN TECHNIK;24.01.2026;22.01.2026;7939,11;EUR;
SI10075613;Rechnung;802994;POLARIS GEBÄUDETECHNIK GMBH & CO. KG;24.01.2026;23.01.2026;7138,35;EUR;
SI10075671;Rechnung;802043;VULKAN CHEMIE;24.01.2026;21.01.2026;3384,45;EUR;
SI10075767;Rechnung;800215;SILVA HOCHBAU GMBH & CO. KG;24.01.2026;22.01.2026;4395,36;EUR;
SI10075773;Rechnung;802289;DELTA ZIEGEL GMBH & CO. KG;24.01.2026;24.01.2026;7535,68;EUR;
SI10075787;Rechnung;800189;FOKUS MONTAGE MBH;24.01.2026;24.01.2026;9868,74;EUR;
SI10075882;Rechnung;800860;NOVAELEKTRO;24.01.2026;24.01.2026;9092,98;EUR;
SI10075956;Rechnung;802839;QUARZDÄMMTECHNIK AG;24.01.2026;23.01.2026;3144,54;EUR;
SI10076050;Rechnung;801948;MAIN TECHNIK;24.01.2026;31.12.2025;9009,52;EUR;Leistung Dezember 2025, in 2025 als unfakturierte Lieferung abgegrenzt (Konto 260000)
SI10076137;Rechnung;802677;BOREALIS WERKZEUGE GMBH & CO. KG;24.01.2026;22.01.2026;3073,57;EUR;
SI10076314;Rechnung;800697;RHEINPROFILE GMBH;24.01.2026;21.01.2026;1312,45;EUR;
SI10076354;Rechnung;800989;ALLGÄUELEKTRO;24.01.2026;24.01.2026;48,69;EUR;
SI10074068;Rechnung;800189;FOKUS MONTAGE MBH;25.01.2026;25.01.2026;8974,24;EUR;
SI10074118;Rechnung;802497;GRANITESTRICH GMBH & CO. KG;25.01.2026;24.01.2026;5024,82;EUR;
SI10074138;Rechnung;800002;POLARIS BAUBEDARF KG;25.01.2026;24.01.2026;3225,55;EUR;
SI10074179;Rechnung;802416;BOREAS BAUBEDARF GMBH;25.01.2026;22.01.2026;2946,40;EUR;
SI10074181;Rechnung;802497;GRANITESTRICH GMBH & CO. KG;25.01.2026;24.01.2026;2328,80;EUR;
SI10074204;Rechnung;800170;KOMPAKTPROFILE GMBH & CO. KG;25.01.2026;23.01.2026;2054,66;EUR;
SI10074310;Rechnung;803104;BOREALISBEDACHUNG GMBH;25.01.2026;22.01.2026;7316,54;EUR;
SI10074313;Rechnung;800298;ARGUS GERÜSTBAU;25.01.2026;23.01.2026;3972,02;EUR;
SI10074371;Rechnung;800295;NOVAFOLIEN MBH;25.01.2026;25.01.2026;4008,59;EUR;
SI10074454;Rechnung;800860;NOVAELEKTRO;25.01.2026;22.01.2026;6288,76;EUR;
SI10074479;Rechnung;802300;ROBURHOCHBAU GMBH;25.01.2026;23.01.2026;692,38;EUR;
SI10074561;Rechnung;800298;ARGUS GERÜSTBAU;25.01.2026;23.01.2026;2253,17;EUR;
SI10074667;Rechnung;802497;GRANITESTRICH GMBH & CO. KG;25.01.2026;25.01.2026;7061,39;EUR;
SI10074675;Rechnung;801948;MAIN TECHNIK;25.01.2026;24.01.2026;7796,54;EUR;
SI10074768;Rechnung;800989;ALLGÄUELEKTRO;25.01.2026;25.01.2026;54,97;EUR;
SI10074857;Rechnung;802160;;25.01.2026;25.01.2026;1916,33;EUR;
SI10074971;Rechnung;802416;BOREAS BAUBEDARF GMBH;25.01.2026;25.01.2026;4201,16;EUR;
SI10074974;Rechnung;800768;SILVAGERÜSTBAU GMBH;25.01.2026;25.01.2026;2688,10;EUR;
SI10075081;Rechnung;800175;ALLGÄUANLAGENBAU GMBH;25.01.2026;23.01.2026;8779,73;EUR;
SI10075198;Rechnung;803080;ALPENWERKZEUGE;25.01.2026;24.01.2026;13893,57;EUR;
SI10075227;Rechnung;802090;ARGUS WERKZEUGE;25.01.2026;22.01.2026;2473,08;EUR;
SI10075272;Rechnung;802147;QUARZ SPEDITION GMBH;25.01.2026;25.01.2026;4668,16;EUR;
SI10075440;Rechnung;800051;ZENITBAUBEDARF GMBH;25.01.2026;25.01.2026;1871,32;EUR;
SI10075484;Rechnung;801992;ROBURSPEDITION GMBH;25.01.2026;24.01.2026;2509,41;EUR;
SI10075504;Rechnung;801449;TAUNUSBETON;25.01.2026;23.01.2026;8134,63;EUR;
SI10075517;Rechnung;800051;ZENITBAUBEDARF GMBH;25.01.2026;24.01.2026;2827,27;EUR;
SI10075675;Rechnung;802093;ALLGÄUBAU GMBH;25.01.2026;25.01.2026;10862,56;EUR;
SI10075690;Rechnung;801206;ELBTAL TROCKENBAU GMBH;25.01.2026;22.01.2026;7254,17;EUR;
SI10075800;Rechnung;803085;ARGUSPROFILE GMBH;25.01.2026;23.01.2026;1407,70;EUR;
SI10075801;Rechnung;802328;NORDANLAGENBAU;25.01.2026;25.01.2026;8214,91;EUR;
SI10075808;Rechnung;801849;CERESMASCHINEN GMBH;25.01.2026;24.01.2026;6206,81;EUR;
SI10075849;Rechnung;803104;BOREALISBEDACHUNG GMBH;25.01.2026;22.01.2026;10939,56;EUR;
SI10075903;Rechnung;800247;KIESEL AKUSTIKBAU;25.01.2026;23.01.2026;2421,21;EUR;
SI10075934;Rechnung;800768;SILVAGERÜSTBAU GMBH;25.01.2026;24.01.2026;3828,45;EUR;
SI10075996;Rechnung;800062;HARZ ANLAGENBAU GMBH;25.01.2026;22.01.2026;7709,29;EUR;
SI10076102;Rechnung;801431;GNEIS BAUELEMENTE GMBH;25.01.2026;23.01.2026;5120,30;EUR;
SI10076131;Rechnung;800215;SILVA HOCHBAU GMBH & CO. KG;25.01.2026;24.01.2026;6597,55;EUR;
SI10076162;Rechnung;802300;ROBURHOCHBAU GMBH;25.01.2026;24.01.2026;1525,51;EUR;
SI10076313;Rechnung;802983;ALPEN TROCKENBAU;25.01.2026;23.01.2026;1359,41;EUR;
SI10076356;Rechnung;801900;CERESELEKTRO;25.01.2026;24.01.2026;12234,26;EUR;
SI10076374;Rechnung;802416;BOREAS BAUBEDARF GMBH;25.01.2026;22.01.2026;2747,71;EUR;
SI10074215;Rechnung;801353;FOKUSTECHNIK KG;26.01.2026;23.01.2026;16225,76;EUR;
SI10074274;Rechnung;802677;BOREALIS WERKZEUGE GMBH & CO. KG;26.01.2026;26.01.2026;2273,71;EUR;
SI10074288;Rechnung;800984;OPAL INNENAUSBAU;26.01.2026;24.01.2026;13319,83;EUR;
SI10074630;Rechnung;800284;FORMA ZIEGEL GMBH & CO. KG;26.01.2026;24.01.2026;4169,02;EUR;
SI10074636;Rechnung;803010;;26.01.2026;26.01.2026;9828,97;EUR;
SI10074682;Rechnung;802380;SOLIDGEBÄUDETECHNIK B.V.;26.01.2026;25.01.2026;10814,47;EUR;
SI10074747;Rechnung;800697;RHEINPROFILE GMBH;26.01.2026;25.01.2026;3975,54;EUR;
SI10074878;Rechnung;800697;RHEINPROFILE GMBH;26.01.2026;24.01.2026;2658,42;EUR;
SI10074972;Rechnung;802147;QUARZ SPEDITION GMBH;26.01.2026;23.01.2026;7012,64;EUR;
SI10074982;Rechnung;800246;ARGUS HANDEL GMBH;26.01.2026;25.01.2026;16835,26;EUR;
SI10074997;Rechnung;800190;WEST GEBÄUDETECHNIK GMBH;26.01.2026;24.01.2026;2098,65;EUR;
SI10075088;Rechnung;802677;BOREALIS WERKZEUGE GMBH & CO. KG;26.01.2026;24.01.2026;1313,20;EUR;
SI10075146;Rechnung;800210;BASALTTIEFBAU GMBH & CO. KG;26.01.2026;24.01.2026;2316,71;EUR;
SI10075233;Rechnung;800175;ALLGÄUANLAGENBAU GMBH;26.01.2026;26.01.2026;2623,39;EUR;
SI10075394;Rechnung;800040;SOLIDHOCHBAU GMBH;26.01.2026;25.01.2026;4872,33;EUR;
SI10075427;Rechnung;802160;;26.01.2026;26.01.2026;2647,85;EUR;
SI10075465;Rechnung;800055;ALLGÄURECYCLING;26.01.2026;24.01.2026;2573,27;EUR;
SI10075499;Rechnung;802532;WESTWERKZEUGE GMBH & CO. KG;26.01.2026;23.01.2026;6123,47;EUR;
SI10075514;Rechnung;800197;BOREALISGERÜSTBAU GMBH;26.01.2026;26.01.2026;3087,64;EUR;
SI10075529;Rechnung;800283;BOREALISBAU KG;26.01.2026;25.12.2025;1651,82;EUR;Leistung Dezember 2025, in 2025 als unfakturierte Lieferung abgegrenzt (Konto 260000)
SI10075571;Rechnung;803040;PRISMA PROFILE SA;26.01.2026;23.01.2026;3291,85;EUR;
SI10075596;Rechnung;802497;GRANITESTRICH GMBH & CO. KG;26.01.2026;23.01.2026;1467,36;EUR;
SI10075658;Rechnung;800177;;26.01.2026;24.01.2026;3945,73;EUR;
SI10075792;Rechnung;800286;;26.01.2026;25.01.2026;10768,61;EUR;
SI10075811;Rechnung;800181;HANSE GEBÄUDETECHNIK GMBH;26.01.2026;24.01.2026;2478,16;EUR;
SI10075877;Rechnung;800055;ALLGÄURECYCLING;26.01.2026;23.01.2026;2897,50;EUR;
SI10075900;Rechnung;800630;FORMA FOLIEN GMBH;26.01.2026;26.01.2026;7215,40;EUR;
SI10075937;Rechnung;800184;NORDLOGISTIK GMBH;26.01.2026;24.01.2026;7171,28;EUR;
SI10075951;Rechnung;801839;MAIN FOLIEN GMBH;26.01.2026;26.01.2026;4092,35;EUR;
SI10076034;Rechnung;800160;ATLAS SYSTEME GMBH;26.01.2026;24.01.2026;7330,18;EUR;
SI10076065;Rechnung;802794;FORMAMETALL GMBH;26.01.2026;23.01.2026;10524,99;EUR;
SI10076081;Rechnung;802983;ALPEN TROCKENBAU;26.01.2026;23.01.2026;1798,15;EUR;
SI10076105;Rechnung;802153;TERRAMETALL GMBH;26.01.2026;25.01.2026;2325,39;EUR;
SI10076107;Rechnung;800284;FORMA ZIEGEL GMBH & CO. KG;26.01.2026;26.01.2026;6327,15;EUR;
SI10076198;Rechnung;800177;;26.01.2026;24.01.2026;4647,87;EUR;
SI10076231;Rechnung;800175;ALLGÄUANLAGENBAU GMBH;26.01.2026;26.01.2026;3280,73;EUR;
SI10076250;Rechnung;801684;PYRIT INDUSTRIEBAU;26.01.2026;25.01.2026;7972,10;EUR;
SI10076341;Rechnung;801071;FORMA PLATTEN GMBH;26.01.2026;24.01.2026;4502,07;EUR;
SI10074064;Rechnung;802521;BASALTVERPACKUNG GMBH;27.01.2026;27.01.2026;2593,69;EUR;
SI10074149;Rechnung;800283;BOREALISBAU KG;27.01.2026;24.01.2026;8861,39;EUR;
SI10074323;Rechnung;801900;CERESELEKTRO;27.01.2026;24.01.2026;9743,67;EUR;
SI10074384;Rechnung;801900;CERESELEKTRO;27.01.2026;27.01.2026;1676,81;EUR;
SI10074528;Rechnung;800002;POLARIS BAUBEDARF KG;27.01.2026;25.01.2026;3773,16;EUR;
SI10074543;Rechnung;800630;FORMA FOLIEN GMBH;27.01.2026;25.01.2026;9062,19;EUR;
SI10074617;Rechnung;800946;HANSE TROCKENBAU;27.01.2026;24.01.2026;2756,32;EUR;
SI10074621;Rechnung;800050;KORUND LOGISTIK;27.01.2026;24.01.2026;1993,88;EUR;
SI10074633;Rechnung;802160;;27.01.2026;30.12.2025;3318,36;EUR;Leistung Dezember 2025, in 2025 als unfakturierte Lieferung abgegrenzt (Konto 260000)
SI10074641;Rechnung;802011;KOMPAKTBAUSTOFFE GMBH;27.01.2026;24.01.2026;1601,13;EUR;
SI10074695;Rechnung;801435;ALLGÄU INDUSTRIEBEDARF GMBH & CO. KG;27.01.2026;25.01.2026;10053,77;EUR;
SI10074716;Rechnung;800946;HANSE TROCKENBAU;27.01.2026;25.01.2026;3972,43;EUR;
SI10074731;Rechnung;800190;WEST GEBÄUDETECHNIK GMBH;27.01.2026;26.01.2026;2513,62;EUR;
SI10074813;Rechnung;800160;ATLAS SYSTEME GMBH;27.01.2026;25.01.2026;7536,33;EUR;
SI10074824;Rechnung;801286;PRIMUSLOGISTIK GMBH & CO. KG;27.01.2026;24.01.2026;11876,67;EUR;
SI10074846;Rechnung;802043;VULKAN CHEMIE;27.01.2026;27.01.2026;6640,31;EUR;
SI10074848;Rechnung;800189;FOKUS MONTAGE MBH;27.01.2026;24.01.2026;9530,13;EUR;
SI10074858;Rechnung;800246;ARGUS HANDEL GMBH;27.01.2026;26.01.2026;8269,78;EUR;
SI10074864;Rechnung;800050;KORUND LOGISTIK;27.01.2026;25.01.2026;2082,60;EUR;
SI10074877;Rechnung;801314;KOMPAKT LOGISTIK GMBH;27.01.2026;26.01.2026;1742,32;EUR;
SI10074888;Rechnung;801090;NOVAHANDEL;27.01.2026;24.01.2026;10435,94;EUR;
SI10075007;Rechnung;801435;ALLGÄU INDUSTRIEBEDARF GMBH & CO. KG;27.01.2026;24.01.2026;2784,83;EUR;
SI10075019;Rechnung;800175;ALLGÄUANLAGENBAU GMBH;27.01.2026;27.01.2026;10326,17;EUR;
SI10075265;Rechnung;801678;NOVARECYCLING;27.01.2026;25.01.2026;1427,73;EUR;
SI10075269;Rechnung;800186;KORUND ELEKTRO GMBH;27.01.2026;25.01.2026;2851,48;EUR;
SI10075281;Rechnung;802989;FLINT MONTAGEBAU;27.01.2026;27.01.2026;3188,46;EUR;
SI10075326;Rechnung;802065;SÜD TRANSPORT GMBH;27.01.2026;26.01.2026;3861,24;EUR;
SI10075481;Rechnung;802994;POLARIS GEBÄUDETECHNIK GMBH & CO. KG;27.01.2026;26.01.2026;6697,63;EUR;
SI10075487;Rechnung;800298;ARGUS GERÜSTBAU;27.01.2026;26.01.2026;3514,14;EUR;
SI10075604;Rechnung;800210;BASALTTIEFBAU GMBH & CO. KG;27.01.2026;27.01.2026;2316,52;EUR;
SI10075606;Rechnung;800050;KORUND LOGISTIK;27.01.2026;26.01.2026;2314,92;EUR;
SI10075682;Rechnung;802043;VULKAN CHEMIE;27.01.2026;24.01.2026;2929,94;EUR;
SI10075724;Rechnung;802794;FORMAMETALL GMBH;27.01.2026;26.01.2026;10813,45;EUR;
SI10075745;Rechnung;800160;ATLAS SYSTEME GMBH;27.01.2026;27.01.2026;10912,90;EUR;
SI10075752;Rechnung;800292;ARGUSBAUSTOFFE GMBH & CO. KG;27.01.2026;26.01.2026;6004,75;EUR;
SI10075768;Rechnung;803085;ARGUSPROFILE GMBH;27.01.2026;26.01.2026;4198,26;EUR;
SI10075778;Rechnung;801900;CERESELEKTRO;27.01.2026;27.01.2026;7406,58;EUR;
SI10075785;Rechnung;802445;HANSE INDUSTRIEBEDARF GMBH;27.01.2026;24.01.2026;4130,69;EUR;
SI10075802;Rechnung;800247;KIESEL AKUSTIKBAU;27.01.2026;26.01.2026;2000,25;EUR;
SI10075810;Rechnung;802497;GRANITESTRICH GMBH & CO. KG;27.01.2026;27.01.2026;9801,38;EUR;
SI10075846;Rechnung;801090;NOVAHANDEL;27.01.2026;24.01.2026;1880,76;EUR;
SI10075859;Rechnung;802127;ZENITTIEFBAU GMBH;27.01.2026;27.01.2026;3864,07;EUR;
SI10075892;Rechnung;800989;ALLGÄUELEKTRO;27.01.2026;26.01.2026;2958,77;EUR;
SI10075979;Rechnung;802989;FLINT MONTAGEBAU;27.01.2026;26.01.2026;11125,43;EUR;
SI10075985;Rechnung;802106;WESER GEBÄUDETECHNIK GMBH;27.01.2026;26.01.2026;9722,60;EUR;
SI10075990;Rechnung;802295;TAUNUS GERÜSTBAU GMBH & CO. KG;27.01.2026;26.01.2026;11813,70;EUR;
SI10076020;Rechnung;802983;ALPEN TROCKENBAU;27.01.2026;26.01.2026;1631,41;EUR;
SI10076035;Rechnung;801948;MAIN TECHNIK;27.01.2026;26.01.2026;11670,42;EUR;
SI10076227;Rechnung;802966;PRIMUSCHEMIE GMBH & CO. KG;27.01.2026;27.01.2026;4355,80;EUR;
SI10074152;Rechnung;800051;ZENITBAUBEDARF GMBH;28.01.2026;28.01.2026;3127,73;EUR;
SI10074396;Rechnung;800040;SOLIDHOCHBAU GMBH;28.01.2026;27.01.2026;9267,93;EUR;
SI10074398;Rechnung;802300;ROBURHOCHBAU GMBH;28.01.2026;27.01.2026;977,09;EUR;
SI10074530;Rechnung;802989;FLINT MONTAGEBAU;28.01.2026;26.01.2026;7518,23;EUR;
SI10074559;Rechnung;801276;OST MASCHINEN B.V.;28.01.2026;28.01.2026;1931,86;EUR;
SI10074590;Rechnung;800160;ATLAS SYSTEME GMBH;28.01.2026;27.01.2026;11692,90;EUR;
SI10074624;Rechnung;802966;PRIMUSCHEMIE GMBH & CO. KG;28.01.2026;25.01.2026;3578,07;EUR;
SI10074756;Rechnung;801849;CERESMASCHINEN GMBH;28.01.2026;26.01.2026;3855,47;EUR;
SI10074771;Rechnung;802043;VULKAN CHEMIE;28.01.2026;25.01.2026;1712,41;EUR;
SI10074799;Rechnung;800186;KORUND ELEKTRO GMBH;28.01.2026;28.01.2026;12447,34;EUR;
SI10074819;Rechnung;800050;KORUND LOGISTIK;28.01.2026;25.01.2026;12687,19;EUR;
SI10074838;Rechnung;800291;ALPEN TECHNIK;28.01.2026;25.01.2026;2698,72;EUR;
SI10074987;Rechnung;801449;TAUNUSBETON;28.01.2026;28.01.2026;11834,72;EUR;
SI10075030;Rechnung;801849;CERESMASCHINEN GMBH;28.01.2026;26.01.2026;6029,38;EUR;
SI10075035;Rechnung;802147;QUARZ SPEDITION GMBH;28.01.2026;28.01.2026;5757,65;EUR;
SI10075073;Rechnung;801401;WEST GERÜSTBAU SA;28.01.2026;28.01.2026;7329,81;EUR;
SI10075078;Rechnung;802289;DELTA ZIEGEL GMBH & CO. KG;28.01.2026;27.01.2026;2811,17;EUR;
SI10075158;Rechnung;801090;NOVAHANDEL;28.01.2026;25.01.2026;7048,92;EUR;
SI10075239;Rechnung;802994;POLARIS GEBÄUDETECHNIK GMBH & CO. KG;28.01.2026;27.01.2026;8082,24;EUR;
SI10075351;Rechnung;800055;ALLGÄURECYCLING;28.01.2026;25.01.2026;2728,18;EUR;
SI10075357;Rechnung;800284;FORMA ZIEGEL GMBH & CO. KG;28.01.2026;27.01.2026;5820,67;EUR;
SI10075371;Rechnung;800050;KORUND LOGISTIK;28.01.2026;26.01.2026;9655,85;EUR;
SI10075383;Rechnung;802989;FLINT MONTAGEBAU;28.01.2026;25.01.2026;3231,39;EUR;
SI10075559;Rechnung;803085;ARGUSPROFILE GMBH;28.01.2026;27.01.2026;1647,72;EUR;
SI10075619;Rechnung;800060;HANSE INDUSTRIEBEDARF;28.01.2026;27.01.2026;2614,75;EUR;
SI10075816;Rechnung;801239;BASALT TECHNIK GMBH;28.01.2026;26.01.2026;9133,16;EUR;
SI10075874;Rechnung;800055;ALLGÄURECYCLING;28.01.2026;25.01.2026;3103,17;EUR;
SI10075887;Rechnung;800984;OPAL INNENAUSBAU;28.01.2026;26.01.2026;1716,01;EUR;
SI10075969;Rechnung;800051;ZENITBAUBEDARF GMBH;28.01.2026;27.01.2026;4608,30;EUR;
SI10076007;Rechnung;800768;SILVAGERÜSTBAU GMBH;28.01.2026;26.01.2026;4865,53;EUR;
SI10076028;Rechnung;802983;ALPEN TROCKENBAU;28.01.2026;27.01.2026;1480,16;EUR;
SI10076059;Rechnung;800298;ARGUS GERÜSTBAU;28.01.2026;25.01.2026;2383,69;EUR;
SI10076108;Rechnung;800984;OPAL INNENAUSBAU;28.01.2026;28.01.2026;3621,60;EUR;
SI10076133;Rechnung;800086;BOREASLOGISTIK GMBH;28.01.2026;25.01.2026;4700,09;EUR;
SI10076213;Rechnung;801353;FOKUSTECHNIK KG;28.01.2026;27.01.2026;5871,03;EUR;
SI10076268;Rechnung;802497;GRANITESTRICH GMBH & CO. KG;28.01.2026;25.01.2026;5333,54;EUR;
SI10076366;Rechnung;801900;CERESELEKTRO;28.01.2026;27.01.2026;9684,06;EUR;
SI10076397;Rechnung;800860;NOVAELEKTRO;28.01.2026;26.01.2026;3787,56;EUR;
SI10074084;Rechnung;802416;BOREAS BAUBEDARF GMBH;29.01.2026;28.01.2026;2085,27;EUR;
SI10074186;Rechnung;802007;VULKAN TECHNIK;29.01.2026;26.01.2026;4449,19;EUR;
SI10074491;Rechnung;801276;OST MASCHINEN B.V.;29.01.2026;28.01.2026;4611,17;EUR;
SI10074533;Rechnung;801992;ROBURSPEDITION GMBH;29.01.2026;28.01.2026;2383,22;EUR;
SI10074544;Rechnung;800286;;29.01.2026;28.01.2026;739,52;EUR;
SI10074625;Rechnung;801449;TAUNUSBETON;29.01.2026;28.01.2026;300,96;EUR;
SI10074671;Rechnung;800238;TERRA SYSTEME;29.01.2026;29.01.2026;2120,31;EUR;
SI10074832;Rechnung;801900;CERESELEKTRO;29.01.2026;26.01.2026;2876,90;EUR;
SI10074973;Rechnung;800603;TAUNUS TROCKENBAU BV;29.01.2026;27.01.2026;2181,59;EUR;
SI10075133;Rechnung;802160;;29.01.2026;27.01.2026;3275,99;EUR;
SI10075152;Rechnung;802047;POLARISBETON GMBH;29.01.2026;28.01.2026;5437,42;EUR;
SI10075161;Rechnung;800184;NORDLOGISTIK GMBH;29.01.2026;27.01.2026;6089,31;EUR;
SI10075187;Rechnung;800298;ARGUS GERÜSTBAU;29.01.2026;26.01.2026;1637,13;EUR;
SI10075220;Rechnung;800989;ALLGÄUELEKTRO;29.01.2026;29.01.2026;85,51;EUR;
SI10075246;Rechnung;802445;HANSE INDUSTRIEBEDARF GMBH;29.01.2026;26.01.2026;8176,02;EUR;
SI10075252;Rechnung;800246;ARGUS HANDEL GMBH;29.01.2026;27.01.2026;10206,72;EUR;
SI10075270;Rechnung;801314;KOMPAKT LOGISTIK GMBH;29.01.2026;29.01.2026;2937,27;EUR;
SI10075627;Rechnung;801435;ALLGÄU INDUSTRIEBEDARF GMBH & CO. KG;29.01.2026;27.01.2026;11909,08;EUR;
SI10075662;Rechnung;802289;DELTA ZIEGEL GMBH & CO. KG;29.01.2026;27.01.2026;721,17;EUR;
SI10075677;Rechnung;800212;ZENIT HANDEL GMBH;29.01.2026;26.01.2026;3296,44;EUR;
SI10075766;Rechnung;800190;WEST GEBÄUDETECHNIK GMBH;29.01.2026;28.01.2026;2874,84;EUR;
SI10075805;Rechnung;802147;QUARZ SPEDITION GMBH;29.01.2026;27.01.2026;1483,73;EUR;
SI10075869;Rechnung;800946;HANSE TROCKENBAU;29.01.2026;31.12.2025;3027,06;EUR;Leistung Dezember 2025, in 2025 als unfakturierte Lieferung abgegrenzt (Konto 260000)
SI10075879;Rechnung;801449;TAUNUSBETON;29.01.2026;26.01.2026;3560,99;EUR;
SI10076002;Rechnung;800160;ATLAS SYSTEME GMBH;29.01.2026;26.01.2026;2699,60;EUR;
SI10076017;Rechnung;800159;HANSEBAUSTOFFE GMBH;29.01.2026;28.01.2026;9240,31;EUR;
SI10076037;Rechnung;800060;HANSE INDUSTRIEBEDARF;29.01.2026;29.01.2026;3629,98;EUR;
SI10076044;Rechnung;800946;HANSE TROCKENBAU;29.01.2026;26.01.2026;6971,27;EUR;
SI10076085;Rechnung;800768;SILVAGERÜSTBAU GMBH;29.01.2026;27.01.2026;2093,07;EUR;
SI10076146;Rechnung;800246;ARGUS HANDEL GMBH;29.01.2026;29.01.2026;10051,88;EUR;
SI10076155;Rechnung;801431;GNEIS BAUELEMENTE GMBH;29.01.2026;29.01.2026;13677,70;EUR;
SI10076220;Rechnung;802839;QUARZDÄMMTECHNIK AG;29.01.2026;26.01.2026;4277,79;EUR;
SI10076224;Rechnung;800768;SILVAGERÜSTBAU GMBH;29.01.2026;28.01.2026;2709,26;EUR;
SI10076264;Rechnung;800050;KORUND LOGISTIK;29.01.2026;29.01.2026;1215,74;EUR;
SI10076318;Rechnung;800211;FELDSPAT HOCHBAU GMBH & CO. KG;29.01.2026;28.01.2026;3626,26;EUR;
SI10076394;Rechnung;800215;SILVA HOCHBAU GMBH & CO. KG;29.01.2026;29.01.2026;12075,60;EUR;
SI10074101;Rechnung;800062;HARZ ANLAGENBAU GMBH;30.01.2026;28.01.2026;7626,51;EUR;
SI10074120;Rechnung;800212;ZENIT HANDEL GMBH;30.01.2026;30.01.2026;4591,77;EUR;
SI10074129;Rechnung;802966;PRIMUSCHEMIE GMBH & CO. KG;30.01.2026;29.01.2026;3417,14;EUR;
SI10074175;Rechnung;800086;BOREASLOGISTIK GMBH;30.01.2026;29.01.2026;4775,71;EUR;
SI10074253;Rechnung;800284;FORMA ZIEGEL GMBH & CO. KG;30.01.2026;29.01.2026;9195,48;EUR;
SI10074303;Rechnung;802380;SOLIDGEBÄUDETECHNIK B.V.;30.01.2026;30.01.2026;9724,49;EUR;
SI10074391;Rechnung;801435;ALLGÄU INDUSTRIEBEDARF GMBH & CO. KG;30.01.2026;29.01.2026;10623,71;EUR;
SI10074495;Rechnung;802171;;30.01.2026;30.01.2026;5902,44;EUR;
SI10074664;Rechnung;800946;HANSE TROCKENBAU;30.01.2026;28.01.2026;540,20;EUR;
SI10074673;Rechnung;800284;FORMA ZIEGEL GMBH & CO. KG;30.01.2026;28.01.2026;6118,81;EUR;
SI10074713;Rechnung;800004;SÜD PANEELE KG;30.01.2026;28.01.2026;8544,24;EUR;
SI10074775;Rechnung;802171;;30.01.2026;28.01.2026;2281,91;EUR;
SI10074836;Rechnung;801849;CERESMASCHINEN GMBH;30.01.2026;29.01.2026;5269,91;EUR;
SI10074905;Rechnung;802521;BASALTVERPACKUNG GMBH;30.01.2026;28.01.2026;4692,70;EUR;
SI10074909;Rechnung;800813;ORIONHANDEL AG;30.01.2026;28.01.2026;5510,71;EUR;
SI10074967;Rechnung;801449;TAUNUSBETON;30.01.2026;27.01.2026;3359,29;EUR;
SI10075069;Rechnung;800298;ARGUS GERÜSTBAU;30.01.2026;29.01.2026;2059,13;EUR;
SI10075224;Rechnung;800086;BOREASLOGISTIK GMBH;30.01.2026;27.01.2026;3725,48;EUR;
SI10075254;Rechnung;800175;ALLGÄUANLAGENBAU GMBH;30.01.2026;28.01.2026;3296,97;EUR;
SI10075292;Rechnung;800175;ALLGÄUANLAGENBAU GMBH;30.01.2026;30.01.2026;12695,28;EUR;
SI10075431;Rechnung;800212;ZENIT HANDEL GMBH;30.01.2026;27.01.2026;2076,97;EUR;
SI10075485;Rechnung;801239;BASALT TECHNIK GMBH;30.01.2026;30.01.2026;6334,18;EUR;
SI10075603;Rechnung;801206;ELBTAL TROCKENBAU GMBH;30.01.2026;27.01.2026;12895,65;EUR;
SI10075614;Rechnung;801037;SILVA INDUSTRIEBEDARF GMBH;30.01.2026;29.01.2026;7183,71;EUR;
SI10075643;Rechnung;800212;ZENIT HANDEL GMBH;30.01.2026;30.01.2026;2541,24;EUR;
SI10075737;Rechnung;800190;WEST GEBÄUDETECHNIK GMBH;30.01.2026;29.01.2026;3914,05;EUR;
SI10075791;Rechnung;802160;;30.01.2026;29.01.2026;2058,81;EUR;
SI10075825;Rechnung;802043;VULKAN CHEMIE;30.01.2026;28.01.2026;2800,75;EUR;
SI10075881;Rechnung;802530;KORUND ZIEGEL GMBH;30.01.2026;28.01.2026;3660,64;EUR;
SI10075938;Rechnung;801839;MAIN FOLIEN GMBH;30.01.2026;28.01.2026;3971,47;EUR;
SI10075971;Rechnung;802839;QUARZDÄMMTECHNIK AG;30.01.2026;29.01.2026;7574,98;EUR;
SI10075988;Rechnung;802989;FLINT MONTAGEBAU;30.01.2026;30.01.2026;2700,62;EUR;
SI10076018;Rechnung;800630;FORMA FOLIEN GMBH;30.01.2026;27.01.2026;7429,38;EUR;
SI10076158;Rechnung;801090;NOVAHANDEL;30.01.2026;28.01.2026;7598,24;EUR;
SI10076178;Rechnung;801465;KOMPAKT PLATTEN GMBH;30.01.2026;28.01.2026;3246,90;EUR;
SI10076195;Rechnung;800813;ORIONHANDEL AG;30.01.2026;30.01.2026;5849,79;EUR;
SI10076256;Rechnung;800186;KORUND ELEKTRO GMBH;30.01.2026;27.01.2026;6852,20;EUR;
SI10076287;Rechnung;800211;FELDSPAT HOCHBAU GMBH & CO. KG;30.01.2026;29.01.2026;3018,84;EUR;
SI10076294;Rechnung;801286;PRIMUSLOGISTIK GMBH & CO. KG;30.01.2026;27.01.2026;5347,17;EUR;
SCN0004203;Gutschrift;800291;ALPEN TECHNIK;05.01.2026;31.12.2025;-650715,56;EUR;Gutschrift/Neuberechnung Umsatzbonus 2025
SCN0004225;Gutschrift;800645;HANSEPROFILE GMBH & CO. KG;07.01.2026;31.12.2025;-543641,85;EUR;Gutschrift/Neuberechnung Umsatzbonus 2025
SCN0004254;Gutschrift;800645;HANSEPROFILE GMBH & CO. KG;07.01.2026;31.12.2025;-544018,59;EUR;Gutschrift/Neuberechnung Umsatzbonus 2025
